-- MySQL dump 10.11
--
-- Host: localhost    Database: codeka
-- ------------------------------------------------------
-- Server version	5.0.51b-community-nt-log

/*!40101 SET @OLD_CHARACTER_SET_CLIENT=@@CHARACTER_SET_CLIENT */;
/*!40101 SET @OLD_CHARACTER_SET_RESULTS=@@CHARACTER_SET_RESULTS */;
/*!40101 SET @OLD_COLLATION_CONNECTION=@@COLLATION_CONNECTION */;
/*!40101 SET NAMES utf8 */;
/*!40103 SET @OLD_TIME_ZONE=@@TIME_ZONE */;
/*!40103 SET TIME_ZONE='+00:00' */;
/*!40014 SET @OLD_UNIQUE_CHECKS=@@UNIQUE_CHECKS, UNIQUE_CHECKS=0 */;
/*!40014 SET @OLD_FOREIGN_KEY_CHECKS=@@FOREIGN_KEY_CHECKS, FOREIGN_KEY_CHECKS=0 */;
/*!40101 SET @OLD_SQL_MODE=@@SQL_MODE, SQL_MODE='NO_AUTO_VALUE_ON_ZERO' */;
/*!40111 SET @OLD_SQL_NOTES=@@SQL_NOTES, SQL_NOTES=0 */;

--
-- Table structure for table `albalinea`
--

DROP TABLE IF EXISTS `albalinea`;
SET @saved_cs_client     = @@character_set_client;
SET character_set_client = utf8;
CREATE TABLE `albalinea` (
  `codalbaran` int(11) NOT NULL default '0',
  `numlinea` int(4) NOT NULL auto_increment,
  `codfamilia` int(3) default NULL,
  `codigo` varchar(15) character set utf8 default NULL,
  `cantidad` float NOT NULL default '0',
  `precio` float NOT NULL default '0',
  `importe` float NOT NULL default '0',
  `dcto` tinyint(4) NOT NULL default '0',
  PRIMARY KEY  (`codalbaran`,`numlinea`)
) ENGINE=MyISAM DEFAULT CHARSET=latin1;
SET character_set_client = @saved_cs_client;

--
-- Dumping data for table `albalinea`
--

LOCK TABLES `albalinea` WRITE;
/*!40000 ALTER TABLE `albalinea` DISABLE KEYS */;
/*!40000 ALTER TABLE `albalinea` ENABLE KEYS */;
UNLOCK TABLES;

--
-- Table structure for table `albalineap`
--

DROP TABLE IF EXISTS `albalineap`;
SET @saved_cs_client     = @@character_set_client;
SET character_set_client = utf8;
CREATE TABLE `albalineap` (
  `codalbaran` varchar(20) NOT NULL default '0',
  `codproveedor` int(5) NOT NULL default '0',
  `numlinea` int(4) NOT NULL auto_increment,
  `codfamilia` int(3) default NULL,
  `codigo` varchar(15) default NULL,
  `cantidad` float NOT NULL default '0',
  `precio` float NOT NULL default '0',
  `importe` float NOT NULL default '0',
  `dcto` tinyint(4) NOT NULL default '0',
  PRIMARY KEY  (`codalbaran`,`codproveedor`,`numlinea`)
) ENGINE=MyISAM DEFAULT CHARSET=utf8;
SET character_set_client = @saved_cs_client;

--
-- Dumping data for table `albalineap`
--

LOCK TABLES `albalineap` WRITE;
/*!40000 ALTER TABLE `albalineap` DISABLE KEYS */;
/*!40000 ALTER TABLE `albalineap` ENABLE KEYS */;
UNLOCK TABLES;

--
-- Table structure for table `albalineaptmp`
--

DROP TABLE IF EXISTS `albalineaptmp`;
SET @saved_cs_client     = @@character_set_client;
SET character_set_client = utf8;
CREATE TABLE `albalineaptmp` (
  `codalbaran` int(11) NOT NULL default '0',
  `numlinea` int(4) NOT NULL auto_increment,
  `codfamilia` int(3) default NULL,
  `codigo` varchar(15) default NULL,
  `cantidad` float NOT NULL default '0',
  `precio` float NOT NULL default '0',
  `importe` float NOT NULL default '0',
  `dcto` tinyint(4) NOT NULL default '0',
  PRIMARY KEY  (`codalbaran`,`numlinea`)
) ENGINE=MyISAM DEFAULT CHARSET=utf8;
SET character_set_client = @saved_cs_client;

--
-- Dumping data for table `albalineaptmp`
--

LOCK TABLES `albalineaptmp` WRITE;
/*!40000 ALTER TABLE `albalineaptmp` DISABLE KEYS */;
/*!40000 ALTER TABLE `albalineaptmp` ENABLE KEYS */;
UNLOCK TABLES;

--
-- Table structure for table `albalineatmp`
--

DROP TABLE IF EXISTS `albalineatmp`;
SET @saved_cs_client     = @@character_set_client;
SET character_set_client = utf8;
CREATE TABLE `albalineatmp` (
  `codalbaran` int(11) NOT NULL default '0',
  `numlinea` int(4) NOT NULL auto_increment,
  `codfamilia` int(3) default NULL,
  `codigo` varchar(15) character set utf8 default NULL,
  `cantidad` float NOT NULL default '0',
  `precio` float NOT NULL default '0',
  `importe` float NOT NULL default '0',
  `dcto` tinyint(4) NOT NULL default '0',
  PRIMARY KEY  (`codalbaran`,`numlinea`)
) ENGINE=MyISAM DEFAULT CHARSET=latin1;
SET character_set_client = @saved_cs_client;

--
-- Dumping data for table `albalineatmp`
--

LOCK TABLES `albalineatmp` WRITE;
/*!40000 ALTER TABLE `albalineatmp` DISABLE KEYS */;
/*!40000 ALTER TABLE `albalineatmp` ENABLE KEYS */;
UNLOCK TABLES;

--
-- Table structure for table `albaranes`
--

DROP TABLE IF EXISTS `albaranes`;
SET @saved_cs_client     = @@character_set_client;
SET character_set_client = utf8;
CREATE TABLE `albaranes` (
  `codalbaran` int(11) NOT NULL auto_increment,
  `codfactura` int(11) NOT NULL default '0',
  `fecha` date NOT NULL default '0000-00-00',
  `iva` tinyint(4) NOT NULL default '0',
  `codcliente` int(5) default '0',
  `estado` varchar(1) character set utf8 default '1',
  `totalalbaran` float NOT NULL,
  `borrado` varchar(1) NOT NULL default '0',
  PRIMARY KEY  (`codalbaran`)
) ENGINE=MyISAM DEFAULT CHARSET=latin1;
SET character_set_client = @saved_cs_client;

--
-- Dumping data for table `albaranes`
--

LOCK TABLES `albaranes` WRITE;
/*!40000 ALTER TABLE `albaranes` DISABLE KEYS */;
/*!40000 ALTER TABLE `albaranes` ENABLE KEYS */;
UNLOCK TABLES;

--
-- Table structure for table `albaranesp`
--

DROP TABLE IF EXISTS `albaranesp`;
SET @saved_cs_client     = @@character_set_client;
SET character_set_client = utf8;
CREATE TABLE `albaranesp` (
  `codalbaran` varchar(20) NOT NULL default '0',
  `codproveedor` int(5) NOT NULL default '0',
  `codfactura` varchar(20) default NULL,
  `fecha` date NOT NULL default '0000-00-00',
  `iva` tinyint(4) NOT NULL default '0',
  `estado` varchar(1) default '1',
  `totalalbaran` float NOT NULL default '0',
  PRIMARY KEY  (`codalbaran`,`codproveedor`)
) ENGINE=MyISAM DEFAULT CHARSET=utf8;
SET character_set_client = @saved_cs_client;

--
-- Dumping data for table `albaranesp`
--

LOCK TABLES `albaranesp` WRITE;
/*!40000 ALTER TABLE `albaranesp` DISABLE KEYS */;
/*!40000 ALTER TABLE `albaranesp` ENABLE KEYS */;
UNLOCK TABLES;

--
-- Table structure for table `albaranesptmp`
--

DROP TABLE IF EXISTS `albaranesptmp`;
SET @saved_cs_client     = @@character_set_client;
SET character_set_client = utf8;
CREATE TABLE `albaranesptmp` (
  `codalbaran` int(11) NOT NULL auto_increment,
  `fecha` date NOT NULL default '0000-00-00',
  PRIMARY KEY  (`codalbaran`)
) ENGINE=MyISAM DEFAULT CHARSET=utf8 COMMENT='Temporal de albaranes de proveedores para controlar acceso s';
SET character_set_client = @saved_cs_client;

--
-- Dumping data for table `albaranesptmp`
--

LOCK TABLES `albaranesptmp` WRITE;
/*!40000 ALTER TABLE `albaranesptmp` DISABLE KEYS */;
/*!40000 ALTER TABLE `albaranesptmp` ENABLE KEYS */;
UNLOCK TABLES;

--
-- Table structure for table `albaranestmp`
--

DROP TABLE IF EXISTS `albaranestmp`;
SET @saved_cs_client     = @@character_set_client;
SET character_set_client = utf8;
CREATE TABLE `albaranestmp` (
  `codalbaran` int(11) NOT NULL auto_increment,
  `fecha` date NOT NULL default '0000-00-00',
  PRIMARY KEY  (`codalbaran`)
) ENGINE=MyISAM DEFAULT CHARSET=latin1 COMMENT='Temporal de albaranes para controlar acceso simultaneo';
SET character_set_client = @saved_cs_client;

--
-- Dumping data for table `albaranestmp`
--

LOCK TABLES `albaranestmp` WRITE;
/*!40000 ALTER TABLE `albaranestmp` DISABLE KEYS */;
/*!40000 ALTER TABLE `albaranestmp` ENABLE KEYS */;
UNLOCK TABLES;

--
-- Table structure for table `articulos`
--

DROP TABLE IF EXISTS `articulos`;
SET @saved_cs_client     = @@character_set_client;
SET character_set_client = utf8;
CREATE TABLE `articulos` (
  `codarticulo` int(10) NOT NULL auto_increment,
  `codfamilia` int(5) NOT NULL,
  `referencia` varchar(20) NOT NULL,
  `descripcion` text NOT NULL,
  `impuesto` int(11) default NULL,
  `codproveedor1` int(5) NOT NULL default '1',
  `codproveedor2` int(5) NOT NULL,
  `descripcion_corta` varchar(30) NOT NULL,
  `codubicacion` int(3) NOT NULL,
  `stock` int(10) NOT NULL,
  `stock_minimo` int(8) NOT NULL,
  `aviso_minimo` varchar(1) NOT NULL default '0',
  `datos_producto` varchar(200) NOT NULL,
  `fecha_alta` date NOT NULL default '0000-00-00',
  `codembalaje` int(3) NOT NULL,
  `unidades_caja` int(8) NOT NULL,
  `precio_ticket` varchar(1) NOT NULL default '0',
  `modificar_ticket` varchar(1) NOT NULL default '0',
  `observaciones` text NOT NULL,
  `precio_compra` int(10) default NULL,
  `precio_almacen` int(10) default NULL,
  `precio_tienda` int(10) default NULL,
  `precio_pvp` int(10) default NULL,
  `precio_iva` int(10) default NULL,
  `codigobarras` varchar(15) NOT NULL,
  `imagen` varchar(200) NOT NULL,
  `borrado` varchar(1) NOT NULL default '0',
  PRIMARY KEY  (`codarticulo`)
) ENGINE=MyISAM AUTO_INCREMENT=536 DEFAULT CHARSET=utf8 COMMENT='Articulos';
SET character_set_client = @saved_cs_client;

--
-- Dumping data for table `articulos`
--

LOCK TABLES `articulos` WRITE;
/*!40000 ALTER TABLE `articulos` DISABLE KEYS */;
INSERT INTO `articulos` VALUES (1,2,'0000900050','bomba cebadora petroleo',0,0,0,'',11,37,4,'1','','2011-11-16',0,0,'','','importacion deirecta',NULL,NULL,2429,5500,0,'8400000000017','foto1.jpg','0'),(2,1,'3874100031','cruceta cardan 57 x 152 mm',0,0,0,'',1,4,1,'1','','2011-11-16',0,0,'','','importacion tructec',NULL,NULL,27882,51547,NULL,'8400000000024','foto2.jpg','0'),(3,1,'0152508303','Disco de embriague Actros 400 mm',0,0,0,'',1,4,1,'1','','2011-11-16',0,0,'','','importacion E truck',NULL,NULL,74351,156200,NULL,'8400000000031','foto3.jpg','0'),(4,2,'5411300008','kit de compresor Actros mp1 100 mm ',0,0,0,'',16,8,1,'1','','2011-11-16',0,0,'','','importacion E truck',NULL,NULL,39034,92437,0,'8400000000048','foto4.jpg','0'),(5,2,'5411800009','Filtro de aceite para actros',0,0,0,'',21,29,5,'1','','2011-11-16',0,0,'','','importacion trucktec',NULL,NULL,6733,14202,0,'8400000000055','foto5.jpg','0'),(6,1,'9415010282','manguera rayador actros',0,0,0,'',1,2,1,'1','','2011-11-16',0,0,'','','Imporatcion Trucktec',NULL,NULL,8301,18262,NULL,'8400000000062','foto6.jpg','0'),(7,1,'9415010382','manguera  radiador ',0,1,0,'',1,2,1,'1','','2011-11-16',0,0,'','','importacion trucktec',NULL,NULL,8024,16807,NULL,'8400000000079','foto7.jpg','0'),(8,1,'0058202142','Motor limpia parabrisas actros',0,1,0,'',1,2,1,'1','','2011-11-16',0,0,'','','importacion trucktec',NULL,NULL,41506,104637,NULL,'8400000000086','foto8.jpg','0'),(9,1,'4410705533','juego caneria corto 2631',0,1,0,'',1,5,2,'1','','2011-11-16',0,0,'','','importacion trucktec',NULL,NULL,13610,37815,0,'8400000000093','foto9.jpg','0'),(10,1,'6204900365','flexible de escape 90 x 295 mm',0,1,0,'',1,3,1,'1','','2011-11-16',0,0,'','','importacion trucktec',NULL,NULL,18447,35294,0,'8400000000109','foto10.jpg','0'),(11,2,'4030740059','empaquetadura bomba inyectora serie 400',0,1,0,'',12,10,3,'1','','2011-11-16',0,0,'','','importacion trucktec',NULL,NULL,876,4400,0,'8400000000116','foto11.jpg','0'),(12,2,'4420740059','empaquetadura bomba inyectura serie 400',0,1,0,'',12,10,2,'1','','2011-11-16',0,0,'','','importacion trucktec',NULL,NULL,692,4400,0,'8400000000123','foto12.jpg','0'),(13,2,'5410531230','guia de valvula actros ',0,1,0,'',15,36,5,'1','','2011-11-16',0,0,'','','importacion trucktec',NULL,NULL,940,2500,0,'8400000000130','foto13.jpg','0'),(14,2,'4410130220','placa compresor sk',0,1,0,'',17,2,1,'1','','2011-11-16',0,0,'','','importacion trucktec',NULL,NULL,59031,109243,0,'8400000000147','foto14.jpg','0'),(15,1,'4410701133','juego caneria larga 2631',0,1,0,'',1,5,1,'1','','2011-11-16',0,0,'','','importacion trucktec',NULL,NULL,14869,37815,NULL,'8400000000154','foto15.jpg','0'),(16,1,'9403500835','kit reten actros con pista',0,1,0,'',1,10,2,'1','','2011-11-16',0,0,'','','importacion trucktec',NULL,NULL,33000,56302,NULL,'8400000000161','foto16.jpg','0'),(17,1,'0024204920','pastillas frenos actros',0,1,0,'',1,4,1,'1','','2011-11-16',0,0,'','','importacion trucktec',NULL,NULL,40584,71428,NULL,'8400000000178','foto17.jpg','0'),(18,1,'0002004722','viscoso ventilador actros',0,1,0,'',1,4,1,'1','','2011-11-16',0,0,'','','importacion trucktec',NULL,NULL,115296,212605,NULL,'8400000000185','foto18.jpg','0'),(19,1,'6253250219','calza paquete  resorte',0,1,0,'',1,2,1,'1','','2011-11-16',0,0,'','','importacion trucktec',NULL,NULL,32282,117647,NULL,'8400000000192','foto19.jpg','0'),(20,1,'0012606757','valvula gamma',0,1,0,'',1,4,1,'1','','2011-11-16',0,0,'','','0022950407',NULL,NULL,56265,84034,0,'8400000000208','foto20.jpg','0'),(21,2,'0001539520','sensor',0,1,0,'',25,1,0,'0','','2011-11-16',0,0,'','','importacion trucktec',NULL,NULL,59953,77311,0,'8400000000215','foto21.jpg','0'),(22,1,'0011532120','sensor',0,1,0,'',1,1,1,'0','','2011-11-16',0,0,'','','importacion trucktec',NULL,NULL,44273,58823,0,'8400000000222','foto22.jpg','0'),(23,2,'0024600880','bomba de direccion actros',0,1,0,'',30,8,2,'1','','2011-11-16',0,0,'','','importacion trucktec',NULL,NULL,106072,210000,0,'8400000000239','foto23.jpg','0'),(24,1,'3463530072','tuerca pinon de ataque 55 mm',0,1,0,'',1,10,2,'1','','2011-11-16',0,0,'','','importacion trucktec',NULL,NULL,2121,5500,NULL,'8400000000246','foto24.jpg','0'),(25,2,'0089976145','orring bomba inyectora chico',0,1,0,'',11,45,5,'1','','2011-11-16',0,0,'','','importacion trucktec',NULL,NULL,83,3361,0,'8400000000253','foto25.jpg','0'),(26,2,'0000925208','tapa filtro petroleo actros',0,1,0,'',4,4,1,'1','','2011-11-16',0,0,'','','importacion trucktec',NULL,NULL,4704,8655,0,'8400000000260','foto26.jpg','0'),(27,1,'5420140422','empaquetadura de carter actros 502',0,1,0,'',1,6,1,'1','','2011-11-16',0,0,'','','importacion trucktec',NULL,NULL,6826,15126,NULL,'8400000000277','foto27.jpg','0'),(28,1,'3553530158','guardapolvo diferencial',0,1,0,'',1,2,1,'0','','2011-11-16',0,0,'','','importacion trucktec',NULL,NULL,4704,14000,NULL,'8400000000284','foto28.jpg','0'),(29,1,'0004711230','tapa estanque actros',0,1,0,'',1,10,1,'1','','2011-11-16',0,0,'','','importacion trucktec',NULL,NULL,4150,12185,NULL,'8400000000291','foto29.jpg','0'),(30,1,'0005453013','chapa contacto clavo',0,1,0,'',1,10,1,'1','','2011-11-16',0,0,'','','importacion trucktec',NULL,NULL,5200,9244,NULL,'8400000000307','foto30.jpg','0'),(31,2,'0002952818','servo embrague actros',0,1,0,'',31,3,1,'1','','2011-11-16',0,0,'','','importacion trucktec',NULL,NULL,104091,192437,0,'8400000000314','foto31.jpg','0'),(32,2,'5410101120','empaquetaduras descarbo. culata actros',0,1,0,'',3,2,1,'1','','2011-11-16',0,0,'','','importacion trucktec',NULL,NULL,18123,26890,0,'8400000000321','foto32.jpg','0'),(33,1,'0004300969','filtro secador apu',0,1,0,'',1,20,2,'1','','2011-11-16',0,0,'','','importacion trucktec',NULL,NULL,7899,15966,NULL,'8400000000338','foto33.jpg','0'),(34,2,'4011840025','filtro aceite corto',0,1,0,'',103,20,2,'1','','2011-11-16',0,0,'','','importacion trucktec',NULL,NULL,4800,8824,0,'8400000000345','foto34.jpg','0'),(35,2,'4411300008','kit compresor 100 mm sin pestana',0,1,0,'',16,5,1,'1','','2011-11-16',0,0,'','','importacion trucktec',NULL,NULL,39034,92436,0,'8400000000352','foto35.jpg','0'),(36,1,'5419970992','correa ventilador actros 9 pk 2835',0,1,0,'',1,4,1,'1','','2011-11-16',0,0,'','','importacion trucktec',NULL,NULL,11942,22078,NULL,'8400000000369','foto36.jpg','0'),(37,1,'0152507903','disco embrague actros 400 mm',0,1,0,'',1,4,1,'1','','2011-11-16',0,0,'','','importacion trucktec',NULL,NULL,74351,151260,NULL,'8400000000376','foto37.jpg','0'),(38,1,'6253250319','calza paquete resorte actros',0,1,0,'',1,2,1,'0','','2011-11-16',0,0,'','','importacion trucktec',NULL,NULL,32528,117647,NULL,'8400000000383','foto38.jpg','0'),(39,1,'0004700469','filtro purificador con soporte y cebador',0,1,0,'',1,2,1,'0','','2011-11-16',0,0,'','','importacion trucktec',NULL,NULL,87625,110000,NULL,'8400000000390','foto39.jpg','0'),(40,1,'9413000104','pedal acelerador actros completo',0,1,0,'',1,1,0,'0','','2011-11-16',0,0,'','','importacion trucktec',NULL,NULL,142967,302521,NULL,'8400000000406','foto40.jpg','0'),(41,1,'0020945282','manguera intercoler actros 1938',0,1,0,'',1,2,1,'1','','2011-11-16',0,0,'','','importacion trucktec',NULL,NULL,41506,62000,NULL,'8400000000413','foto41.jpg','0'),(42,1,'6564100131','cruceta cardan 68 mm',0,1,0,'',1,4,1,'1','','2011-11-16',0,0,'','','importacion trucktec',NULL,NULL,41506,98000,NULL,'8400000000420','foto42.jpg','0'),(43,1,'3893251062','pista bogue',0,1,0,'',1,6,1,'1','','2011-11-16',0,0,'','','importacion trucktec',NULL,NULL,12677,75000,NULL,'8400000000437','foto43.jpg','0'),(44,1,'3953200067','guardapolvo bogue',0,1,0,'',1,6,1,'1','','2011-11-16',0,0,'','','importacion trucktec',NULL,NULL,7038,36000,NULL,'8400000000444','foto44.jpg','0'),(45,2,'4030320309','pista ciguenal trasera actros y 400',0,1,0,'',4,2,1,'1','','2011-11-16',0,0,'','','importacion trucktec',NULL,NULL,4647,11764,0,'8400000000451','foto45.jpg','0'),(46,1,'9423530117','guardapolvo diferencial actros',0,1,0,'',1,2,1,'1','','2011-11-16',0,0,'','','importacion trucktec',NULL,NULL,4704,15000,NULL,'8400000000468','foto46.jpg','0'),(47,1,'5411400163','reparacion freno motor actros',0,1,0,'',1,4,1,'1','','2011-11-16',0,0,'','','importacion trucktec',NULL,NULL,21675,37815,0,'8400000000475','foto47.jpg','0'),(48,1,'3814100231','cruceta cardan 48 x 126 mm',0,1,0,'',1,4,1,'1','','2011-11-16',0,0,'','','importacion trucktec',NULL,NULL,23981,35000,NULL,'8400000000482','foto48.jpg','0'),(49,2,'0002520646','kit desembrague',0,1,0,'',34,2,1,'0','','2011-11-16',0,0,'','','importacion trucktec',NULL,NULL,17063,30000,0,'8400000000499','foto49.jpg','0'),(50,1,'0143517','reparacion caja direccion actros',0,1,0,'',1,3,1,'1','','2011-11-16',0,0,'','','importacion trucktec',NULL,NULL,23234,54621,NULL,'8400000000505','foto50.jpg','0'),(51,2,'5412001870','tensor correa actros',0,1,0,'',29,4,1,'1','','2011-11-16',0,0,'','','importacion trucktec',NULL,NULL,50730,100000,0,'8400000000512','foto51.jpg','0'),(52,1,'0143551','juego empaquetadura completo g155 g210 g240',0,1,0,'',1,4,1,'1','','2011-11-16',0,0,'','','importacion trucktec',NULL,NULL,73789,120000,NULL,'8400000000529','foto52.jpg','0'),(53,1,'5410350214','adaptador ventilador actros',0,1,0,'',1,-6,1,'0','','2011-11-16',0,0,'','','importacion trucktec',NULL,NULL,32282,71000,NULL,'8400000000536','foto53.jpg','0'),(54,2,'0143004','reparacion laina bomba inyectora 355',0,1,0,'',12,8,1,'1','','2011-11-16',0,0,'','','importacion trucktec',NULL,NULL,4427,10000,0,'8400000000543','foto54.jpg','0'),(55,1,'9423172012','buje cabina actros',0,1,0,'',1,12,1,'1','','2011-11-16',0,0,'','','importacion trucktec',NULL,NULL,25826,60000,0,'8400000000550','foto55.jpg','0'),(56,2,'5419900501','perno culata actros 18 x 210 mm',0,1,0,'',1,3,1,'1','','2011-11-16',0,0,'','','importacion trucktec',NULL,NULL,2490,5500,0,'8400000000567','foto56.jpg','0'),(57,1,'0020945582','manguera intercooler actros',0,1,0,'',1,2,1,'1','','2011-11-16',0,0,'','','importacion trucktec',NULL,NULL,41506,82000,NULL,'8400000000574','foto57.jpg','0'),(58,1,'9425010582','manguera conexion radiador',0,1,0,'',1,1,1,'1','','2011-11-16',0,0,'','','importacion trucktec',NULL,NULL,14757,29000,NULL,'8400000000581','foto58.jpg','0'),(59,1,'4420709633','juego caneria 442la larga',0,1,0,'',1,1,1,'1','','2011-11-16',0,0,'','','importacion trucktec',NULL,NULL,142967,28000,NULL,'8400000000598','foto59.jpg','0'),(60,1,'4420708133','juego caneria 442la corta',0,1,0,'',1,1,1,'1','','2011-11-16',0,0,'','','importacion trucktec',NULL,NULL,142967,28000,NULL,'8400000000604','foto60.jpg','0'),(61,1,'6564110012','rodamiento cardan 70 mm actros',0,1,0,'',1,6,2,'1','','2011-11-16',0,0,'','','importacion trucktec',NULL,NULL,57186,100000,NULL,'8400000000611','foto61.jpg','0'),(62,2,'4572000501','bomba de agua 2638',0,1,0,'',26,4,1,'1','','2011-11-16',0,0,'','','importacion trucktec',NULL,NULL,64604,115000,0,'8400000000628','foto62.jpg','0'),(63,1,'0004771302','filtro racor actros largo',0,1,0,'',1,40,5,'1','','2011-11-16',0,0,'','','importacion trucktec',NULL,NULL,15220,25000,NULL,'8400000000635','foto63.jpg','0'),(64,1,'0000900650','bomba elevadora 402 sin turbo',0,1,0,'',1,2,1,'1','','2011-11-16',0,0,'','','importacion trucktec',NULL,NULL,15680,29400,NULL,'8400000000642','foto64.jpg','0'),(65,1,'5410900151','filtro petroleo actros',0,1,0,'',1,20,5,'1','','2011-11-16',0,0,'','','importacion trucktec',NULL,NULL,7083,12522,0,'8400000000659','foto65.jpg','0'),(66,1,'9423560715','rueda polar sin reten',0,1,0,'',1,30,5,'1','','2011-11-16',0,0,'','','importacion trucktec',NULL,NULL,4611,8000,NULL,'8400000000666','foto66.jpg','0'),(67,2,'4420310027','pista ciguenal delantera actros',0,1,0,'',4,12,2,'1','','2011-11-16',0,0,'','','importacion trucktec',NULL,NULL,5257,11764,0,'8400000000673','foto67.jpg','0'),(68,2,'0049815801','rodamiento interior eje piloto',0,1,0,'',37,13,2,'1','','2011-11-16',0,0,'','','importacion trucktec',NULL,NULL,8067,23530,0,'8400000000680','foto68.jpg','0'),(69,1,'942501068','manguera radiador',0,1,0,'',1,5,1,'1','','2011-11-16',0,0,'','','importacion trucktec',NULL,NULL,3873,8500,NULL,'8400000000697','foto69.jpg','0'),(70,2,'5422002001','bomba de agua actros',0,1,0,'',27,8,1,'1','','2011-11-16',0,0,'','','importacion trucktec',NULL,NULL,66410,165000,0,'8400000000703','foto70.jpg','0'),(71,2,'4421300008','kit compresor 90 mm por aire',0,1,0,'',16,4,1,'1','','2011-11-16',0,0,'','','importacion trucktec',NULL,NULL,22136,54621,0,'8400000000710','foto71.jpg','0'),(72,1,'30400','VALVULA MIDLAN',0,2,0,'',1,4,1,'1','','2011-11-17',0,0,'','','COMPRA EN PLAZA',NULL,NULL,24990,31932,NULL,'8400000000727','foto72.jpg','0'),(73,2,'100675','perno culata corto scania 111',0,3,0,'',3,2,1,'1','','2011-11-17',0,0,'','','compre en plaza',NULL,NULL,3136,4500,0,'8400000000734','foto73.jpg','0'),(74,1,'3464201738','chicharra freno izq.actros',0,4,0,'',1,50,2,'1','','2011-11-17',0,0,'','','compra en plaza',NULL,NULL,11400,22000,NULL,'8400000000741','foto74.jpg','0'),(75,1,'3464201838','chicharra de freno der.actros',0,4,0,'',1,50,2,'1','','2011-11-17',0,0,'','','compra en plaza',NULL,NULL,11400,22000,NULL,'8400000000758','foto75.jpg','0'),(76,1,'0028200656','foco visera actros blanco',0,4,0,'',1,4,2,'1','','2011-11-17',0,0,'','','compra en plaza',NULL,NULL,4425,7893,NULL,'8400000000765','foto76.jpg','0'),(77,1,'0192506003','disco embreague 430mm x 18 estrias 2638',0,4,0,'',1,1,0,'0','','2011-11-17',0,0,'','','compra en plaza',NULL,NULL,111000,155462,NULL,'8400000000772','foto77.jpg','0'),(78,1,'5410101072','varilla medir aceite actros',0,4,0,'',1,1,0,'0','','2011-11-17',0,0,'','','compra en plaza',NULL,NULL,18600,26890,NULL,'8400000000789','foto78.jpg','0'),(79,1,'145240','reten entrada diferencial  145 ford cargo',0,5,0,'',1,1,0,'0','','2011-11-17',0,0,'','','compra en plaza',NULL,NULL,8000,13445,NULL,'8400000000796','foto79.jpg','0'),(80,1,'240145','kit golillas diferencial 145 ford cargo',0,5,0,'',1,2,0,'0','','2011-11-17',0,0,'','','compra en plaza',NULL,NULL,9000,15126,NULL,'8400000000802','foto80.jpg','0'),(81,1,'2212033','perno rueda maza americano 22x120 con tuerca',0,2,0,'',1,40,5,'1','','2011-11-17',0,0,'','','compra en plaza',NULL,NULL,3391,7143,NULL,'8400000000819','foto81.jpg','0'),(82,1,'229832','perno rueda remolque randon con tuerca',0,2,0,'',1,40,5,'1','','2011-11-17',0,0,'','','compra en plaza',NULL,NULL,3273,5462,NULL,'8400000000826','foto82.jpg','0'),(83,1,'3515','valvula protectora 6 vias sin sensor',0,6,0,'',1,3,1,'1','','2011-11-17',0,0,'','','compra en plaza',NULL,NULL,26180,63025,NULL,'8400000000833','foto83.jpg','0'),(84,1,'0004301315','secador aire actros',0,6,0,'',1,2,1,'1','','2011-11-17',0,0,'','','compra en plaza',NULL,NULL,40336,117647,NULL,'8400000000840','foto84.jpg','0'),(85,2,'0001801709','filtro aceite 906',0,1,0,'',21,11,1,'1','','2011-11-17',0,0,'','','importacion trucktec',NULL,NULL,5026,8400,0,'8400000000857','foto85.jpg','0'),(86,1,'0159974747','reten piñon ataque actros ',0,1,0,'',0,4,1,'1','','2011-11-17',0,0,'','','importacion trukctec',NULL,NULL,9638,39495,NULL,'8400000000864','foto86.jpg','0'),(87,2,'4021300220','reparacion compresor 402 antiguo',0,1,0,'',19,8,2,'1','','2011-11-17',0,0,'','','importacion trukctec',NULL,NULL,4289,11764,0,'8400000000871','foto87.jpg','0'),(88,2,'0000902150','bomba elebadora 422 A',0,1,0,'',12,1,0,'1','','2011-11-17',0,0,'','','importacion trucktec',NULL,NULL,15956,29412,0,'8400000000888','foto88.jpg','0'),(89,1,'0000902190','bonba elebadora universal',0,1,0,'',1,10,2,'1','','2011-11-17',0,0,'','','importacion trucktec',NULL,NULL,5073,16806,NULL,'8400000000895','foto89.jpg','0'),(90,2,'0004770002','vaso con soporte y filtro petroleo',0,1,0,'',11,9,2,'1','','2011-11-17',0,0,'','','importacion trucktec',NULL,NULL,3689,10084,0,'8400000000901','foto90.jpg','0'),(91,1,'3852681474','reparacion rotula palanca cambio',0,0,0,'',38,3,1,'1','','2011-11-17',0,0,'','','importacion trukctec',NULL,NULL,6862,19328,0,'8400000000918','foto91.jpg','0'),(92,1,'9413230050','buje corbata actros 73x100 ojo de 19',0,1,0,'',1,4,1,'1','','2011-11-17',0,0,'','','importacion trucktec',NULL,NULL,23059,46218,NULL,'8400000000925','foto92.jpg','0'),(93,1,'3434100631','cruceta cardan 53x135',0,1,0,'',1,4,1,'1','','2011-11-17',0,0,'','','importacion  trucktec',NULL,NULL,27671,37815,NULL,'8400000000932','foto93.jpg','0'),(94,2,'0000740515','valvula sobreprecion bomba inyectora',0,1,0,'',11,10,1,'1','','2011-11-17',0,0,'','','importacion trucktec',NULL,NULL,1383,4369,0,'8400000000949','foto94.jpg','0'),(95,2,'0032037975','termostato 71º actros',0,1,0,'',28,3,1,'1','','2011-11-17',0,0,'','','importacion trucktec',NULL,NULL,5073,11764,0,'8400000000956','foto95.jpg','0'),(96,2,'0032037375','termostato 83º actros',0,1,0,'',29,17,2,'1','','2011-11-17',0,0,'','','importacion trucktec',NULL,NULL,5718,12521,0,'8400000000963','foto96.jpg','0'),(97,1,'0035445032','rele intermitente limpia parabrizas',0,1,0,'',1,4,1,'1','','2011-11-17',0,0,'','','importacion trucktec',NULL,NULL,21214,74790,NULL,'8400000000970','foto97.jpg','0'),(98,1,'0022950407','cilindro embrague inferior aleman',0,1,0,'',1,4,1,'1','','2011-11-17',0,0,'','','importacion trucktec',NULL,NULL,25093,37956,NULL,'8400000000987','foto98.jpg','0'),(99,1,'5410102133','empaquetadura tapa distribucion actros',0,1,0,'',1,6,2,'1','','2011-11-17',0,0,'','','importacion trucktec',NULL,NULL,7620,14286,NULL,'8400000000994','foto99.jpg','0'),(100,2,'0002522145','espejo prensa chico 1924',0,1,0,'',34,2,1,'1','','2011-11-17',0,0,'','','importacion trucktec',NULL,NULL,6622,15126,0,'8400000001007','foto100.jpg','0'),(101,1,'6214900065','flexible escape 115x 295 mm',0,1,0,'',1,3,1,'1','','2011-11-17',0,0,'','','importacion trucktec',NULL,NULL,16141,40336,NULL,'8400000001014','foto101.jpg','0'),(102,1,'6204900465','flexible escape 105x 295 mm',0,1,0,'',1,3,1,'1','','2011-11-17',0,0,'','','importacion trucktec',NULL,NULL,20242,40336,NULL,'8400000001021','foto102.jpg','0'),(103,2,'0143078','reparacion bomba elevadora con pre filtro',0,1,0,'',11,24,2,'1','','2011-11-17',0,0,'','','importacio trucktec',NULL,NULL,1181,4200,0,'8400000001038','foto103.jpg','0'),(104,1,'6179931110','resorte patin freno',0,1,0,'',1,10,2,'1','','2011-11-17',0,0,'','','importacion trucktec',NULL,NULL,922,2941,NULL,'8400000001045','foto104.jpg','0'),(105,2,'0022506715','rodamiento embreague actros corto',0,3,0,'',33,2,1,'1','','2011-11-18',0,0,'','','compra en plaza',NULL,NULL,49343,82353,0,'8400000001052','foto105.jpg','0'),(106,1,'20568396','valvula pedalera volvo ',0,3,0,'',1,2,1,'1','','2011-11-18',0,0,'','','compra en plaza',NULL,NULL,30000,85000,0,'8400000001069','foto106.jpg','0'),(107,1,'247','pulmon americano simple 7\"',0,7,0,'',1,10,2,'1','','2011-11-18',0,0,'','','compra en plaza',NULL,NULL,7140,11764,NULL,'8400000001076','foto107.jpg','0'),(108,1,'0020942404','filtro de aire 331305',0,4,0,'',1,1,0,'0','','2011-11-18',0,0,'','','compra en plaza',NULL,NULL,51750,66386,NULL,'8400000001083','foto108.jpg','0'),(109,2,'0001310011','anillo compresor 90mm',0,3,0,'',17,3,1,'1','','2011-11-18',0,0,'','','compra en plaza',NULL,NULL,5162,8319,0,'8400000001090','foto109.jpg','0'),(110,1,'26365','kit bujes guardapolvo palanca cambio 1318',0,3,0,'',38,1,0,'0','','2011-11-18',0,0,'','','compra en plaza',NULL,NULL,4404,5462,0,'8400000001106','foto110.jpg','0'),(111,1,'9425011682','manguera radiador actros',0,1,0,'',1,1,0,'0','','2011-11-18',0,0,'','','importacion trucktec',NULL,NULL,6438,14163,NULL,'8400000001113','foto111.jpg','0'),(112,2,'3522540135','buje placa embreague horquilla',0,3,0,'',34,1,0,'0','','2011-11-18',0,0,'','','compra en plaza',NULL,NULL,4030,6500,0,'8400000001120','foto112.jpg','0'),(113,2,'4021300320','placa compresor 402',0,1,0,'',17,1,0,'1','','2011-11-18',0,0,'','','importacion trucktec',NULL,NULL,16602,31933,0,'8400000001137','foto113.jpg','0'),(114,2,'5411801020','caneria aceite actros ',0,1,0,'',22,1,0,'0','','2011-11-18',0,0,'','','importacion trucktec',NULL,NULL,15220,38000,0,'8400000001144','foto114.jpg','0'),(115,1,'5410181112','manguera retorno aceite',0,1,0,'',1,2,0,'0','','2011-11-18',0,0,'','','importacion trucktec',NULL,NULL,4381,10900,0,'8400000001151','foto115.jpg','0'),(116,1,'5410180712','manguera retorno aceite actros',0,1,0,'',1,2,0,'0','','2011-11-18',0,0,'','','importacion trucktec',NULL,NULL,3966,9915,0,'8400000001168','foto116.jpg','0'),(117,1,'9425010782','manguera radiador actros',0,1,0,'',1,1,0,'0','','2011-11-18',0,0,'','','importacion trucktec',NULL,NULL,5534,13835,NULL,'8400000001175','foto117.jpg','0'),(118,1,'0025531005','cilindro levante cabina actros',0,1,0,'',1,2,1,'1','','2011-11-18',0,0,'','','importacion trucktec',NULL,NULL,68775,149580,NULL,'8400000001182','foto118.jpg','0'),(119,2,'5410140722','empaquetadura de carter actros 501',0,1,0,'',4,5,1,'1','','2011-11-18',0,0,'','','importacion trucktec',NULL,NULL,5349,11764,0,'8400000001199','foto119.jpg','0'),(120,1,'9425011535','manguera radiador actros',0,1,0,'',1,5,1,'1','','2011-11-18',0,0,'','','importacion trucktec',NULL,NULL,7378,15966,NULL,'8400000001205','foto120.jpg','0'),(121,1,'4030705133','caneria inyector nº 3 402',0,1,0,'',1,10,2,'1','','2011-11-18',0,0,'','','importacion trucktec',NULL,NULL,2306,6302,NULL,'8400000001212','foto121.jpg','0'),(122,1,'4030702533','caneria inyector nº6 402',0,1,0,'',1,10,2,'1','','2011-11-18',0,0,'','','importacion trucktec',NULL,NULL,2306,6302,NULL,'8400000001229','foto122.jpg','0'),(123,1,'4030704933','caneria inyector nº 1 402',0,1,0,'',1,10,2,'1','','2011-11-18',0,0,'','','importacion trucktec',NULL,NULL,2306,6302,NULL,'8400000001236','foto123.jpg','0'),(124,1,'4030706033','caneria inyector nº 2 402',0,1,0,'',1,10,2,'1','','2011-11-18',0,0,'','','importacion trucktec',NULL,NULL,2306,6302,NULL,'8400000001243','foto124.jpg','0'),(125,1,'4030702733','caneria inyector nº 7 402',0,1,0,'',1,10,2,'1','','2011-11-18',0,0,'','','importacion trucktec',NULL,NULL,2306,6302,NULL,'8400000001250','foto125.jpg','0'),(126,1,'4030702633','caneria inyector nº 7 402',0,1,0,'',1,10,2,'1','','2011-11-18',0,0,'','','importacion trucktec',NULL,NULL,2306,6302,NULL,'8400000001267','foto126.jpg','0'),(127,1,'4030702833','caneria inyector nº8 402',0,1,0,'',1,10,2,'1','','2011-11-18',0,0,'','','importacion trucktec',NULL,NULL,2306,6302,NULL,'8400000001274','foto127.jpg','0'),(128,1,'4030707433','caneria inyector nº4 402',0,1,0,'',1,10,2,'1','','2011-11-18',0,0,'','','importacion trucktec',NULL,NULL,2306,6032,NULL,'8400000001281','foto128.jpg','0'),(129,1,'0053266300','amortiguador trasero actros ',0,1,0,'',1,8,2,'1','','2011-11-18',0,0,'','','importacion trucktec',NULL,NULL,46400,75630,NULL,'8400000001298','foto129.jpg','0'),(130,2,'6552501513','horquilla embraque actros con pasador y buje',0,1,0,'',33,4,1,'1','','2011-11-18',0,0,'','','importacion trucktec',NULL,NULL,55763,116806,0,'8400000001304','foto130.jpg','0'),(131,1,'9402500413','horquilla embreaque actros ancha con pasador',0,1,0,'',1,1,0,'0','','2011-11-18',0,0,'','','importacion trucktec',NULL,NULL,65353,136975,NULL,'8400000001311','foto131.jpg','0'),(132,1,'3553560915','pista maza trasera 110x 145',0,1,0,'',1,4,2,'1','','2011-11-18',0,0,'','','importacion tracktec',NULL,NULL,7738,15966,NULL,'8400000001328','foto132.jpg','0'),(133,1,'0022950406','cilindro superior embreaque actros',0,1,0,'',35,5,1,'1','','2011-11-18',0,0,'','','importacion trucktec',NULL,NULL,24164,52100,0,'8400000001335','foto133.jpg','0'),(134,1,'1315298001','empaquetadura caja cambio 16S221',0,8,0,'',1,1,0,'0','','2011-11-19',0,0,'','','compra en plaza',NULL,NULL,42000,75630,NULL,'8400000001342','foto134.jpg','0'),(135,1,'3512','gobernador sin secador 2638',0,6,0,'',0,1,0,'0','','2011-11-19',0,0,'','','compra en plaza',NULL,NULL,19040,36000,NULL,'8400000001359','foto135.jpg','0'),(136,1,'0374301001','disco embrague 2631 meyle sin pre amortiguacion',0,4,0,'',1,1,0,'1','','2011-11-19',0,0,'','','compra en plaza',NULL,NULL,114675,155462,NULL,'8400000001366','foto136.jpg','0'),(137,2,'5411420180','empaquetadura escape actros ',0,4,0,'',24,9,6,'1','','2011-11-19',0,0,'','','compra en plaza',NULL,NULL,1200,2521,0,'8400000001373','foto137.jpg','0'),(138,1,'0003262681','buje barra estabilizadora delantera ',0,4,0,'',1,4,1,'1','','2011-11-19',0,0,'','','compra en plaza',NULL,NULL,9854,12185,NULL,'8400000001380','foto138.jpg','0'),(139,1,'0003238185','buje barra estabilizadora trasero',0,4,0,'',1,6,2,'1','','2011-11-19',0,0,'','','compra en plaza',NULL,NULL,9600,13445,NULL,'8400000001397','foto139.jpg','0'),(140,1,'0003235985','buje barra extabilizadora ',0,4,0,'',1,10,2,'1','','2011-11-19',0,0,'','','compra en plaza',NULL,NULL,3075,5462,NULL,'8400000001403','foto140.jpg','0'),(141,2,'0011311111','anillo compresor 85 mm 2428',0,3,0,'',19,2,1,'1','','2011-11-22',0,0,'','','compre en plaza',NULL,NULL,4800,8319,0,'8400000001410','foto141.jpg','0'),(142,1,'0011300415','reparacion compresor wabco 2428',0,3,0,'',1,1,0,'1','','2011-11-22',0,0,'','','compra en plaza',NULL,NULL,32000,41933,NULL,'8400000001427','foto142.jpg','0'),(143,1,'6673170012','soporte cabina 812',0,3,0,'',1,4,1,'1','','2011-11-22',0,0,'','','compra en plaza',NULL,NULL,7022,8823,NULL,'8400000001434','foto143.jpg','0'),(144,1,'1349840','pulmon suspencion scania s/4',0,9,0,'',0,3,1,'1','','2011-11-22',0,0,'','','compra en plaza',NULL,NULL,33152,53782,0,'8400000001441','foto144.jpg','0'),(145,2,'80468','goma camisa 128 mm',0,4,0,'',2,8,6,'1','','2011-11-22',0,0,'','','compra en plaza',NULL,NULL,5100,6218,0,'8400000001458','foto145.jpg','0'),(146,2,'4021300020','reparacion compresor doble 422 A',0,4,0,'',19,1,0,'1','','2011-11-22',0,0,'','','compra en plaza',NULL,NULL,13800,21008,0,'8400000001465','foto146.jpg','0'),(147,1,'0079975948','oring bogue ',0,4,0,'',1,4,2,'1','','2011-11-22',0,0,'','','compra en plaza',NULL,NULL,1785,4725,NULL,'8400000001472','foto147.jpg','0'),(148,1,'08445','reten diferencial 72x105x13',0,4,0,'',1,2,1,'1','','2011-11-22',0,0,'','','compra en plaza',NULL,NULL,5110,11765,NULL,'8400000001489','foto148.jpg','0'),(149,1,'07747','guardapolvo diferencial 72x105x13',0,4,0,'',1,2,1,'1','','2011-11-22',0,0,'','','compra en plaza',NULL,NULL,2790,11765,NULL,'8400000001496','foto149.jpg','0'),(150,1,'1210','pulmon tristop 24/30',0,4,0,'',1,10,2,'1','','2011-11-22',0,0,'','','compra en plaza',NULL,NULL,22721,37815,NULL,'8400000001502','foto150.jpg','0'),(151,2,'1957','rodamiento empuje sachs bajo 87mm',0,4,0,'',35,2,0,'1','','2011-11-22',0,0,'','','compra en plaza ',NULL,NULL,96696,121849,0,'8400000001519','foto151.jpg','0'),(152,1,'1314432','rejilla protectora neblinero scania s/4',0,10,0,'',0,2,1,'1','','2011-11-22',0,0,'','','compra en plaza',NULL,NULL,11300,18487,NULL,'8400000001526','foto152.jpg','0'),(153,1,'1401241','rejilla protectora foco mayor scania s/4',0,10,0,'',1,2,1,'1','','2011-11-22',0,0,'','','compra en plaza',NULL,NULL,23420,32773,NULL,'8400000001533','foto153.jpg','0'),(154,1,'1337249','foco mayor scania s/4 con intermitente',0,10,0,'',1,1,0,'1','','2011-11-22',0,0,'','','compra en plaza',NULL,NULL,48228,63025,NULL,'8400000001540','foto154.jpg','0'),(155,1,'14229910','neblinero scania s/4',0,10,0,'',1,1,0,'1','','2011-11-22',0,0,'','','compra en plaza',NULL,NULL,22318,29412,NULL,'8400000001557','foto155.jpg','0'),(156,1,'276517','chicharra freno delantera izquierda',0,10,0,'',1,2,1,'1','','2011-11-22',0,0,'','','compra en plaza',NULL,NULL,20144,26050,NULL,'8400000001564','foto156.jpg','0'),(157,1,'1096643','espejo cunetero volvo fh12',0,11,0,'',1,2,1,'1','','2011-11-22',0,0,'','','compra en plaza',NULL,NULL,34534,54622,NULL,'8400000001571','foto157.jpg','0'),(158,1,'5421','filtro petroleo ff5421',0,5,0,'',1,20,1,'1','','2011-11-22',0,0,'','','compra en plaza',NULL,NULL,9900,11260,NULL,'8400000001588','foto158.jpg','0'),(159,1,'1242','filtro purificador petroleo fs1242',0,5,0,'',1,2,1,'1','','2011-11-22',0,0,'','','compra en plaza',NULL,NULL,6900,8319,NULL,'8400000001595','foto159.jpg','0'),(160,1,'16015','filtro aceite lf 16015',0,5,0,'',1,2,1,'1','','2011-11-22',0,0,'','','compra en plaza',NULL,NULL,6900,8320,NULL,'8400000001601','foto160.jpg','0'),(161,1,'7998','fitro aire con flitro interior ap 7998 9150',0,5,0,'',1,2,1,'1','','2011-11-22',0,0,'','','compra en plaza',NULL,NULL,20000,23529,NULL,'8400000001618','foto161.jpg','0'),(162,1,'8.3','solenoide parada ',0,5,0,'',1,1,0,'1','','2011-11-22',0,0,'','','compra en plaza',NULL,NULL,110000,124780,NULL,'8400000001625','foto162.jpg','0'),(163,1,'1620462','cilindro embrague volvo fl10',0,4,0,'',1,5,1,'1','','2011-11-22',0,0,'','','cdompra en plaza',NULL,NULL,10040,16723,NULL,'8400000001632','foto163.jpg','0'),(164,1,'257772','gobernador aire varga tipo bendix',0,3,0,'',1,2,1,'1','','2011-11-22',0,0,'','','compre en plaza',NULL,NULL,21136,21848,NULL,'8400000001649','foto164.jpg','0'),(165,1,'3864100031','cruceta cardan 48x161 mm',0,3,0,'',1,4,1,'1','','2011-11-22',0,0,'','','compra en plaza',NULL,NULL,23984,29411,0,'8400000001656','foto165.jpg','0'),(166,1,'9061800601','bomba aceite 906',0,3,0,'',1,1,0,'1','','2011-11-24',0,0,'','','compra en plaza',NULL,NULL,99914,126050,NULL,'8400000001663','foto166.jpg','0'),(167,1,'val684','valvula doble efecto carro',0,2,0,'',0,20,2,'1','','2011-11-24',0,0,'','','compra en plaza',NULL,NULL,8330,11765,NULL,'8400000001670','foto167.jpg','0'),(168,1,'35107','cruceta cardan ford cargo 915 38x107 mm',0,5,0,'',1,2,1,'1','','2011-11-24',0,0,'','','compra en plaza',NULL,NULL,10000,12605,NULL,'8400000001687','foto168.jpg','0'),(169,1,'276518','chicharra freno delantera derecha scania s/4',0,10,0,'',1,4,1,'1','','2011-11-24',0,0,'','','compra en plaza',NULL,NULL,20144,26890,0,'8400000001694','foto169.jpg','0'),(170,1,'3644200041','reparacion excentrica actros',0,4,0,'',1,5,1,'1','','2011-11-24',0,0,'','','compra en plaza',NULL,NULL,20144,29411,0,'8400000001700','foto170.jpg','0'),(171,2,'0000903150','bomba elevadora petroleo 2631',0,4,0,'',12,1,0,'1','','2011-11-25',0,0,'','','cmpora en plaza',NULL,NULL,42300,72269,0,'8400000001717','foto171.jpg','0'),(172,1,'103105','foco mayor scania  s/4 izquierdo',0,3,0,'',1,2,1,'1','','2011-11-25',0,0,'','','compra en plaza',NULL,NULL,20713,33613,NULL,'8400000001724','foto172.jpg','0'),(173,1,'103103','farol delantero serie4 sin intermitente derecho',0,3,0,'',1,2,1,'1','','2011-11-25',0,0,'','','compra en plaza ',NULL,NULL,20713,33613,NULL,'8400000001731','foto173.jpg','0'),(174,1,'309065','bulbo temperatura scania s/4 ',0,3,0,'',1,1,0,'1','','2011-11-25',0,0,'','','compra en plaza',NULL,NULL,4208,7076,NULL,'8400000001748','foto174.jpg','0'),(175,1,'0004305906','reparacion valvula pedal k nor 2428 / ',0,3,0,'',1,2,1,'1','','2011-11-25',0,0,'','','compra en plaza ',NULL,NULL,12000,18000,0,'8400000001755','foto175.jpg','0'),(176,1,'1448115','chicharra curva trasera serie 4 lado derecha',0,10,0,'',0,2,1,'1','','2011-11-25',0,0,'','','chicharra curva trasera serie 4 lado nderecha ',NULL,NULL,20041,28600,0,'8400000001762','foto176.jpg','0'),(177,1,'0009801001','rodamiento caja cambio nup2212s',0,3,0,'',1,3,1,'1','','2011-11-25',0,0,'','','compra en plaza',NULL,NULL,7000,55000,NULL,'8400000001779','foto177.jpg','0'),(178,1,'1069205','servo embrague volvo fh12',0,3,0,'',1,2,1,'1','','2011-11-25',0,0,'','','compra en plaza ',NULL,NULL,35000,92000,NULL,'8400000001786','foto178.jpg','0'),(179,1,'0015406270','farol trasero actros izquierdo',0,3,0,'',1,5,2,'1','','2011-11-26',0,0,'','','compra en plaza',NULL,NULL,8800,16806,NULL,'8400000001793','foto179.jpg','0'),(180,1,'0015406370','farol trasero actros derecho',0,3,0,'',1,5,2,'1','','2011-11-26',0,0,'','','compra en plaza',NULL,NULL,8800,16806,NULL,'8400000001809','foto180.jpg','0'),(181,1,'1461414','tuerca c/c grs900',0,12,0,'',0,1,0,'1','','2011-11-26',0,0,'','','compra en plaza',NULL,NULL,12156,16722,NULL,'8400000001816','foto181.jpg','0'),(182,1,'5548249r','cruceta cardan 49,2 x 7,5\" cuatro tapas',0,13,0,'',1,4,1,'1','','2011-11-29',0,0,'','','compra en plaza',NULL,NULL,15300,22689,NULL,'8400000001823','foto182.jpg','0'),(183,1,'642004','valvula seguridad  13mm',0,3,0,'',1,3,1,'1','','2011-11-29',0,0,'','','compra en plaza',NULL,NULL,6127,13445,NULL,'8400000001830','foto183.jpg','0'),(184,1,'3892620637','anillo sincronizador 4,5,6 a',0,3,0,'',1,2,1,'1','','2011-11-29',0,0,'','','compra en plaza',NULL,NULL,57267,69748,0,'8400000001847','foto184.jpg','0'),(185,1,'3892620737','anillo sincronozador 2 g-210',0,3,0,'',1,2,1,'1','','2011-11-29',0,0,'','','compra en plaza',NULL,NULL,59381,71428,NULL,'8400000001854','foto185.jpg','0'),(186,1,'100254','rele intermitente scania s/4',0,3,0,'',1,2,1,'1','','2011-11-29',0,0,'','','compra en plaza',NULL,NULL,12973,24369,NULL,'8400000001861','foto186.jpg','0'),(187,1,'1374050','tapa llenado radiador s/4 ',0,10,0,'',1,4,1,'1','','2011-11-29',0,0,'','','compra en plaza',NULL,NULL,3455,5462,NULL,'8400000001878','foto187.jpg','0'),(188,1,'1840558','araña machon cardan todos',0,10,0,'',1,10,2,'1','','2011-11-29',0,0,'','','compra en plaza',NULL,NULL,320,840,NULL,'8400000001885','foto188.jpg','0'),(189,1,'1525988','tuerca machon  44 x 1,5 scania',0,10,0,'',1,4,1,'1','','2011-11-29',0,0,'','','compra en plaza\r\n387877 cabio',NULL,NULL,3788,6302,NULL,'8400000001892','foto189.jpg','0'),(190,1,'315085','tuerca cardan 50 x 1,5',0,10,0,'',1,4,1,'1','','2011-11-29',0,0,'','','compra en plaza',NULL,NULL,4598,8235,NULL,'8400000001908','foto190.jpg','0'),(191,1,'194373','tuerca cardan  44 x 1,5',0,10,0,'',1,4,1,'1','','2011-11-29',0,0,'','','compra en plaza',NULL,NULL,3874,7142,NULL,'8400000001915','foto191.jpg','0'),(192,1,'184054','tuerca cardan 50 x 1,5',0,10,0,'',1,4,1,'1','','2011-11-29',0,0,'','','compra en plaza',NULL,NULL,2932,5462,NULL,'8400000001922','foto192.jpg','0'),(193,1,'200625','buje barra torsion 90,5 mm volvo b 10 m',0,3,0,'',1,2,1,'1','','2011-11-29',0,0,'','','compra en paza',NULL,NULL,28648,31512,NULL,'8400000001939','foto193.jpg','0'),(194,1,'1610765','reten maza trasera  volvo b10m 169x188x31.5',0,3,0,'',1,2,1,'1','','2011-11-29',0,0,'','','cvompra en plaza',NULL,NULL,4711,6302,NULL,'8400000001946','foto194.jpg','0'),(195,1,'190326','disco embrague 16.5\" paso 7mm',0,9,0,'',1,1,0,'1','','2011-11-29',0,0,'','','compra en plaza',NULL,NULL,51920,89075,NULL,'8400000001953','foto195.jpg','0'),(196,1,'06010201','foco diagonal redondo doble izquierdo',0,5,0,'',1,1,1,'1','','2011-11-29',0,0,'','','compra en plaza',NULL,NULL,33000,37815,NULL,'8400000001960','foto196.jpg','0'),(197,1,'06010202','foco diagonal redondo doble derecho',0,5,0,'',1,1,0,'1','','2011-11-29',0,0,'','','compra en plaza',NULL,NULL,33000,37815,NULL,'8400000001977','foto197.jpg','0'),(198,1,'1668456','anillo sincronizador  sr 1400 sr 1700 volvo',0,4,0,'',39,2,1,'1','','2011-11-29',0,0,'','','compra en plaza',NULL,NULL,55000,95000,0,'8400000001984','foto198.jpg','0'),(199,1,'100437','cruceta cardan scania 57x 164mm',0,3,0,'',1,2,1,'1','','2011-11-30',0,0,'','','compra en plaza',NULL,NULL,19195,45378,NULL,'8400000001991','foto199.jpg','0'),(200,2,'263567','anillo compresor sueco 75mm scania',0,10,0,'',20,1,1,'1','','2011-11-30',0,0,'','','coimpra en plaza',NULL,NULL,7311,11344,0,'8400000002004','foto200.jpg','0'),(201,2,'267357','piston compresor sueco 75 mm sacnia',0,10,0,'',20,2,1,'1','','2011-11-30',0,0,'','','compra en plaza',NULL,NULL,14165,18000,0,'8400000002011','foto201.jpg','0'),(202,1,'5548403','cruceta cardan 49,2 x 194 mm ',0,13,0,'',1,1,0,'1','','2011-11-30',0,0,'','','cmpra en plaza',NULL,NULL,17400,26890,NULL,'8400000002028','foto202.jpg','0'),(203,1,'6889509','terminal corbata 130x 21 x 85',0,11,0,'',0,4,1,'1','','2011-12-01',0,0,'','','teminal corbata  compra en plaza ',NULL,NULL,25141,43697,NULL,'8400000002035','foto203.jpg','0'),(204,1,'1698847','extremo direccion volvo izquerdo ',0,11,0,'',1,2,1,'1','','2011-12-01',0,0,'','','compra en plaza ',NULL,NULL,20388,29412,NULL,'8400000002042','foto204.jpg','0'),(205,1,'1698846','extremo doreccion volvo derecho',0,11,0,'',1,2,1,'1','','2011-12-01',0,0,'','','compra en plaza',NULL,NULL,20388,29411,NULL,'8400000002059','foto205.jpg','0'),(206,2,'6888780','filtro compresor volvo todos',0,11,0,'',17,1,0,'1','','2011-12-01',0,0,'','','compra en plaza',NULL,NULL,2617,4117,0,'8400000002066','foto206.jpg','0'),(207,2,'1544683','termostato 71º grados volvo',0,14,0,'',28,2,1,'1','','2011-12-01',0,0,'','','compra en plaza',NULL,NULL,18728,20168,0,'8400000002073','foto207.jpg','0'),(208,1,'6885407045','palanca intermitente 2428/914',0,3,0,'',1,1,0,'1','','2011-12-02',0,0,'','','compra en plaza',NULL,NULL,13124,21848,NULL,'8400000002080','foto208.jpg','0'),(209,2,'0000906050','bomba petroleo manual  actros',0,3,0,'',12,1,0,'1','','2011-12-06',0,0,'','','compra en plaza',NULL,NULL,9186,22689,0,'8400000002097','foto209.jpg','0'),(210,1,'9060920305','filtro petroleo 2428/o500',0,15,0,'',1,10,2,'1','','2011-12-06',0,0,'','','compra en plaza',NULL,NULL,3662,5798,NULL,'8400000002103','foto210.jpg','0'),(211,1,'9584770115','filtro decantador petroleo o500',0,15,0,'',1,1,0,'1','','2011-12-06',0,0,'','','compra en plaza',NULL,NULL,5900,8800,NULL,'8400000002110','foto211.jpg','0'),(212,2,'0002507415','rodamiento empuje serie 400 alto ',0,15,0,'',35,3,1,'1','','2011-12-06',0,0,'','','compra en plaza',NULL,NULL,11400,37815,0,'8400000002127','foto212.jpg','0'),(213,1,'3953500040','rparacion caja satelite con polin dif. 233',0,4,0,'',0,1,0,'1','','2011-12-06',0,0,'','','compra en plaza',NULL,NULL,127070,148735,NULL,'8400000002134','foto213.jpg','0'),(214,1,'0002521245','espejo prensa pata angosta ',0,4,0,'',0,3,1,'1','','2011-12-07',0,0,'','','compra en plaza',NULL,NULL,10445,16722,NULL,'8400000002141','foto214.jpg','0'),(215,1,'525090','electro valvula 24v scanoa /volvo',0,6,0,'',1,2,1,'1','','2011-12-07',0,0,'','','compra en plaza',NULL,NULL,20230,37815,NULL,'8400000002158','foto215.jpg','0'),(216,2,'4420530032','asiento valvula escape 53mm serie 400',0,3,0,'',15,8,6,'1','','2011-12-07',0,0,'','','compra en plaza',NULL,NULL,1231,2689,0,'8400000002165','foto216.jpg','0'),(217,2,'101335','bomba de direccion scania 112',0,3,0,'',31,1,0,'1','','2011-12-07',0,0,'','','compra en plaza',NULL,NULL,339864,339864,0,'8400000002172','foto217.jpg','0'),(218,2,'4021300608','kit compresor 90mm x agua ',0,4,0,'',17,2,1,'1','','2011-12-07',0,0,'','','compra en plaza',NULL,NULL,29785,56303,0,'8400000002189','foto218.jpg','0'),(219,2,'270789','empaquetadura culata volvo b10m',0,3,0,'',5,4,2,'1','','2011-12-09',0,0,'','','compra en plaza',NULL,NULL,4322,8319,0,'8400000002196','foto219.jpg','0'),(220,2,'0002670819','cilindro c/c alta y baja 16s130',0,16,0,'',37,2,1,'1','','2011-12-09',0,0,'','','cdompra en plaza',NULL,NULL,18880,37815,0,'8400000002202','foto220.jpg','0'),(221,1,'35530147','arbol de entrada 2x 11 fuler',0,7,0,'',1,1,0,'1','','2011-12-09',0,0,'','','compra en plaza',NULL,NULL,62696,92436,NULL,'8400000002219','foto221.jpg','0'),(222,1,'3817250002','cremallera izquierda aleman ',0,4,0,'',1,4,1,'1','','2011-12-10',0,0,'','','compra en plaza',NULL,NULL,11670,20168,NULL,'8400000002226','foto222.jpg','0'),(223,1,'3817250102','cremallera derecha aleman',0,4,0,'',1,5,1,'1','','2011-12-10',0,0,'','','compra en plaza',NULL,NULL,9624,20168,NULL,'8400000002233','foto223.jpg','0'),(224,1,'6417200246','cremallera izquierda 2631',0,4,0,'',1,1,0,'1','','2011-12-10',0,0,'','','compra en plaza',NULL,NULL,15000,22689,NULL,'8400000002240','foto224.jpg','0'),(225,1,'6417200346','creamllera derecha 2631',0,4,0,'',1,2,0,'1','','2011-12-10',0,0,'','','compra en plaza',NULL,NULL,15000,22689,0,'8400000002257','foto225.jpg','0'),(226,1,'280553','vidrio foco mayor 112 sueco',0,10,0,'',1,1,0,'1','','2011-12-12',0,0,'','','compra en plaza',NULL,NULL,6521,11933,NULL,'8400000002264','foto226.jpg','0'),(227,2,'522388','anillo compresor varga 1600 juego',0,10,0,'',19,5,1,'1','','2011-12-12',0,0,'','','compra en plaza',NULL,NULL,10110,15042,0,'8400000002271','foto227.jpg','0'),(228,1,'522392','reparacion compresor varga 1600',0,10,0,'',1,4,1,'1','','2011-12-12',0,0,'','','compra en plaza',NULL,NULL,19535,21765,NULL,'8400000002288','foto228.jpg','0'),(229,2,'0011310711','anillo compresor 75mm mercedes knorr',0,3,0,'',17,2,1,'1','','2011-12-12',0,0,'','','compra en plaza',NULL,NULL,5162,8319,0,'8400000002295','foto229.jpg','0'),(230,1,'33241','extremo derecho 28 x 20 1513',0,3,0,'',1,2,1,'1','','2011-12-12',0,0,'','','compra en plaza',NULL,NULL,9185,14201,NULL,'8400000002301','foto230.jpg','0'),(231,1,'33254','extremo izquierdo 28x20 1513',0,3,0,'',1,2,1,'1','','2011-12-12',0,0,'','','compra en plaza',NULL,NULL,9182,14201,NULL,'8400000002318','foto231.jpg','0'),(232,1,'6203200628','reparacion barra estabilizadora delantera sk',0,4,0,'',1,2,1,'1','','2011-12-12',0,0,'','','compra en plaza',NULL,NULL,19875,29411,NULL,'8400000002325','foto232.jpg','0'),(233,1,'lf3000','filtro aceite camins lf300',0,5,0,'',1,2,1,'1','','2011-12-12',0,0,'','','compra en plaza',NULL,NULL,15000,15546,NULL,'8400000002332','foto233.jpg','0'),(234,1,'20769469','bomba elebadora petroleo fm 12',0,17,0,'',1,1,0,'1','','2011-12-12',0,0,'','','compra en plaza',NULL,NULL,65450,95000,NULL,'8400000002349','foto234.jpg','0'),(235,2,'4111476036','tapa compresor 457 wabco',0,17,0,'',19,2,1,'1','','2011-12-12',0,0,'','','compra en plaza',NULL,NULL,29750,35294,0,'8400000002356','foto235.jpg','0'),(236,1,'3317257202','cremallera izquierda 1513',0,15,0,'',1,1,0,'1','','2011-12-13',0,0,'','','compra en plaza',NULL,NULL,7703,11933,NULL,'8400000002363','foto236.jpg','0'),(237,1,'3317257302','cremallera derecha 1513',0,15,0,'',1,1,0,'1','','2011-12-13',0,0,'','','compra en plaza',NULL,NULL,7703,11932,NULL,'8400000002370','foto237.jpg','0'),(238,1,'tmj121303','aspa ventilador ford cargo ',0,4,0,'',1,1,0,'1','','2011-12-13',0,0,'','','compra en plaza',NULL,NULL,46000,58824,NULL,'8400000002387','foto238.jpg','0'),(239,2,'10956','metal eje levas 402 semi terminado juego',0,4,0,'',8,1,0,'1','','2011-12-13',0,0,'','','compra en plaza',NULL,NULL,29850,53782,0,'8400000002394','foto239.jpg','0'),(240,1,'9408200421','foco intermitente axor derecho',0,3,0,'',1,3,1,'1','','2011-12-14',0,0,'','','compra en plaza',NULL,NULL,4196,29412,NULL,'8400000002400','foto240.jpg','0'),(241,1,'9408200261','foco mayor axor derecho ',0,3,0,'',1,2,1,'1','','2011-12-14',0,0,'','','compra en plaza',NULL,NULL,21572,39496,NULL,'8400000002417','foto241.jpg','0'),(242,1,'9408200161','foco mayor axor izquierdo',0,3,0,'',1,2,1,'1','','2011-12-14',0,0,'','','compra en plaza',NULL,NULL,21572,39496,NULL,'8400000002424','foto242.jpg','0'),(243,2,'3521804201','bomba aceite 352 40mm',0,3,0,'',23,1,0,'1','','2011-12-14',0,0,'','','compra en plaza',NULL,NULL,100791,84034,0,'8400000002431','foto243.jpg','0'),(244,1,'4571800401','bomba aceite  o457la 2638',0,3,0,'',23,1,0,'1','','2011-12-14',0,0,'','','compra en plaza',NULL,NULL,100000,117647,0,'8400000002448','foto244.jpg','0'),(245,2,'203825','rodamiento empuje scania 111',0,10,0,'',37,3,1,'1','','2011-12-14',0,0,'','','comprs en plaza',NULL,NULL,12661,21008,0,'8400000002455','foto245.jpg','0'),(246,1,'9408200321','foco intermitente axor izquierdo',0,3,0,'',1,3,1,'1','','2011-12-15',0,0,'','','compra en plaza',NULL,NULL,4196,29412,NULL,'8400000002462','foto246.jpg','0'),(247,1,'550806','reparacion barra tensora 75mm',0,4,0,'',1,10,2,'1','','2011-12-15',0,0,'','','cmpra en plaza',NULL,NULL,18960,26891,NULL,'8400000002479','foto247.jpg','0'),(248,2,'342837','horquilla embrague scania 112',0,3,0,'',36,1,0,'1','','2011-12-15',0,0,'','','compra en plaza',NULL,NULL,14135,22000,0,'8400000002486','foto248.jpg','0'),(249,1,'4032000926','cubo ventilador aspa 403/402',0,4,0,'',1,1,0,'1','','2011-12-16',0,0,'','','compra en plaza',NULL,NULL,46875,63025,NULL,'8400000002493','foto249.jpg','0'),(250,1,'229826','cilindro embrague inferior scania 111',0,3,0,'',1,1,0,'1','','2011-12-16',0,0,'','','compra en plaza',NULL,NULL,19847,32689,NULL,'8400000002509','foto250.jpg','0'),(251,1,'9428903919','amortiguador trasero actros forestal',0,4,0,'',1,2,1,'1','','2011-12-16',0,0,'','','compra en plaza',NULL,NULL,89850,117563,NULL,'8400000002516','foto251.jpg','0'),(252,1,'9428900319','amortiguador delantero cabina actros',0,4,0,'',1,1,0,'1','','2011-12-16',0,0,'','','compra en plaza',NULL,NULL,81750,110924,NULL,'8400000002523','foto252.jpg','0'),(253,1,'9428903119','amortiguador trasero cabina actros carretero',0,4,0,'',1,2,0,'1','','2011-12-16',0,0,'','','compra en plaza',NULL,NULL,79500,110924,NULL,'8400000002530','foto253.jpg','0'),(254,1,'v0578','filtro acite volvo boca ancha',0,3,0,'',1,1,0,'1','','2011-12-16',0,0,'','','compra en plaza',NULL,NULL,5842,7983,NULL,'8400000002547','foto254.jpg','0'),(255,2,'0008109516','espejo retrovisor grande actros',0,4,0,'',76,3,1,'1','','2011-12-16',0,0,'','','compra en plaza',NULL,NULL,36750,54622,0,'8400000002554','foto255.jpg','0'),(256,1,'b47671y','amortiguador asiento varios',0,3,0,'',1,-1,1,'1','','2011-12-16',0,0,'','','compra en plaza',NULL,NULL,6914,36975,NULL,'8400000002561','foto256.jpg','0'),(257,1,'9260160720','empaquetadura de culata 2428',0,3,0,'',1,1,0,'1','','2011-12-16',0,0,'','','compra en plaza',NULL,NULL,58226,79832,NULL,'8400000002578','foto257.jpg','0'),(258,1,'9060101505','descabonizado  motor 906',0,3,0,'',1,1,0,'1','','2011-12-16',0,0,'','','compra en plaza',NULL,NULL,129519,163956,NULL,'8400000002585','foto258.jpg','0'),(259,2,'20846000','reparacion compresor wabco fh 12 volvo',0,18,0,'',20,1,0,'1','','2011-12-16',0,0,'','','compra en plaza',NULL,NULL,63813,117647,0,'8400000002592','foto259.jpg','0'),(260,2,'500','reparacion compresor wabco o500',0,18,0,'',20,1,0,'1','','2011-12-16',0,0,'','','compra en plaza',NULL,NULL,64000,117647,0,'8400000002608','foto260.jpg','0'),(261,2,'6522400318','soporte motor 2631 trasero',0,4,0,'',33,1,0,'1','','2011-12-16',0,0,'','','compra en plaza',NULL,NULL,62175,78067,0,'8400000002615','foto261.jpg','0'),(262,1,'1421021','filtro aire scania serie 4',0,3,0,'',1,2,1,'1','','2011-12-16',0,0,'','','compra en plaza',NULL,NULL,17850,37815,NULL,'8400000002622','foto262.jpg','0'),(263,2,'0002507015','rodamiento embrague 1420/1721',0,3,0,'',34,1,0,'1','','2011-12-16',0,0,'','','compra en plaza',NULL,NULL,44030,49579,0,'8400000002639','foto263.jpg','0'),(264,1,'1629553','soporte paquete resorte trasero volvo',0,3,0,'',1,4,0,'1','','2011-12-16',0,0,'','','compra en plaza',NULL,NULL,55428,62185,0,'8400000002646','foto264.jpg','0'),(265,1,'3760947004','filtro aire  c27844 2428',0,3,0,'',1,3,1,'1','','2011-12-16',0,0,'','','compra en plaza',NULL,NULL,7998,19328,NULL,'8400000002653','foto265.jpg','0'),(266,1,'1358801','cilindro embrague superior scania 113',0,3,0,'',1,1,0,'1','','2011-12-16',0,0,'','','compra en plaza',NULL,NULL,18888,29412,NULL,'8400000002660','foto266.jpg','0'),(267,1,'0001400759','cilindro freno motor actros',0,4,0,'',0,1,0,'1','','2011-12-16',0,0,'','','compra en plaza',NULL,NULL,29850,48739,NULL,'8400000002677','foto267.jpg','0'),(268,1,'0001541705','caja reguladora actros mp1',0,4,0,'',1,1,0,'1','','2011-12-16',0,0,'','','compra en plaza',NULL,NULL,10875,23728,NULL,'8400000002684','foto268.jpg','0'),(269,1,'9060100321','emp. superior juego 906',0,3,0,'',1,1,0,'1','','2011-12-19',0,0,'','','compra en plaza\r\n1395',NULL,NULL,112966,133613,0,'8400000002691','foto269.jpg','0'),(270,1,'9060140722','emp. carter 906',0,3,0,'',1,1,0,'1','','2011-12-19',0,0,'','','compra en plaza \r\n1421',NULL,NULL,8395,16723,NULL,'8400000002707','foto270.jpg','0'),(271,2,'0002504615','rodamiento embreague 1115',0,3,0,'',34,1,0,'1','','2011-12-19',0,0,'','','compra en plaza \r\n25068a',NULL,NULL,30392,33529,0,'8400000002714','foto271.jpg','0'),(272,1,'20835246','bomba embrague con vaso fh12',0,3,0,'',1,2,1,'1','','2011-12-22',0,0,'','','compra en plaza \r\nv202033',NULL,NULL,37248,63025,NULL,'8400000002721','foto272.jpg','0'),(273,1,'0003250796','soporte paquete alto actros',0,4,0,'',1,4,2,'1','','2011-12-22',0,0,'','','compra en plaza\r\n10684',NULL,NULL,62000,82353,NULL,'8400000002738','foto273.jpg','0'),(274,1,'334470','rele intermitente 13 patas scania /volvo',0,3,0,'',1,2,1,'1','','2011-12-22',0,0,'','','compra en plaza\r\ns100254',NULL,NULL,13163,32941,NULL,'8400000002745','foto274.jpg','0'),(275,1,'0008912205','amortiguador de cabina mercedez aleman ',0,4,0,'',1,-4,1,'1','','2011-12-22',0,0,'','','compra en plaza\r\n',NULL,NULL,16050,22689,NULL,'8400000002752','foto275.jpg','0'),(276,1,'1448114','chicharra curva trasera serie s lado izquierda',0,10,0,'',1,3,0,'1','','2011-12-22',0,0,'','','compra en plaza',NULL,NULL,22267,26891,0,'8400000002769','foto276.jpg','0'),(277,1,'283784','terminal direccion 30x27 derecho ',0,10,0,'',1,6,1,'1','','2011-12-22',0,0,'','','compra en plaza',NULL,NULL,7800,14958,NULL,'8400000002776','foto277.jpg','0'),(278,1,'283783','terminal dereccion 30x27 izquierdo ',0,10,0,'',1,8,2,'1','','2011-12-22',0,0,'','','compra en plaza',NULL,NULL,7800,14958,NULL,'8400000002783','foto278.jpg','0'),(279,1,'a6913r','manilla boton rojo  palan cambio',0,19,0,'',0,1,0,'1','','2011-12-23',0,0,'','','compra en plaza',NULL,NULL,24000,32773,NULL,'8400000002790','foto279.jpg','0'),(280,1,'a6909r','manila boton negro 5-6 marchas',0,19,0,'',1,1,0,'1','','2011-12-23',0,0,'','','compra en plaza',NULL,NULL,24000,32773,NULL,'8400000002806','foto280.jpg','0'),(281,1,'176815','prisionero maza scania ',0,10,0,'',1,20,6,'1','','2011-12-23',0,0,'','','compra en plaza',NULL,NULL,340,650,NULL,'8400000002813','foto281.jpg','0'),(282,1,'62822','amortiguador delantero freightliner fl80',0,20,0,'',1,2,0,'1','','2011-12-23',0,0,'','','compra en plaza\r\n718629',NULL,NULL,18754,26891,NULL,'8400000002820','foto282.jpg','0'),(283,1,'97703','amortiguador delantero agrale 8500 todos',0,20,0,'',1,2,0,'1','','2011-12-23',0,0,'','','compra en plaza\r\n70049',NULL,NULL,9520,14166,NULL,'8400000002837','foto283.jpg','0'),(284,1,'62452','amortiguador trasero ford cargo 915',0,20,0,'',1,2,0,'1','','2011-12-23',0,0,'','','compra en plaza\r\n71875',NULL,NULL,15517,21765,NULL,'8400000002844','foto284.jpg','0'),(285,1,'98900','amortuguador delantero 1414 mercedez',0,20,0,'',1,2,0,'1','','2011-12-23',0,0,'','','compra en plaza\r\n70023',NULL,NULL,17421,24286,NULL,'8400000002851','foto285.jpg','0'),(286,1,'99509','amortiguador delantero scania s/4 ',0,20,0,'',1,2,0,'1','','2011-12-23',0,0,'','','compra en plaza\r\n70035',NULL,NULL,24276,35294,NULL,'8400000002868','foto286.jpg','0'),(287,1,'90100','amortiguador del/trasero 371-400',0,20,0,'',1,-1,0,'1','','2011-12-23',0,0,'','','compra en plaza\r\n70022',NULL,NULL,15518,22605,NULL,'8400000002875','foto287.jpg','0'),(288,1,'90300','amortiguador dela/trasero 914 (agrale 8500 trasero',0,20,0,'',1,0,0,'1','','2011-12-23',0,0,'','','compra en plaza\r\n70020',NULL,NULL,9520,15882,NULL,'8400000002882','foto288.jpg','0'),(289,1,'93031','amortuguador delantero volkswagen 8-150',0,20,0,'',0,2,0,'1','','2011-12-23',0,0,'','','compra n plaza\r\n70163',NULL,NULL,13328,20100,NULL,'8400000002899','foto289.jpg','0'),(290,1,'96717','amortiguador delantero volvo fh12 ',0,20,0,'',0,4,0,'1','','2011-12-23',0,0,'','','compra en plaza\r\n70044',NULL,NULL,21991,33529,0,'8400000002905','foto290.jpg','0'),(291,1,'97428','amortiguador delantero freigthliner fl-a-112',0,20,0,'',1,2,1,'1','','2011-12-23',0,0,'','','compra en plaza\r\n71047',NULL,NULL,24561,34454,NULL,'8400000002912','foto291.jpg','0'),(292,1,'99405','amortiguador trasero volvo fh12 todos',0,20,0,'',1,2,0,'1','','2011-12-23',0,0,'','','compra en plaza\r\n70165',NULL,NULL,23133,32773,NULL,'8400000002929','foto292.jpg','0'),(293,1,'90267','amortiguador delantero scania 113 todos',0,20,0,'',1,2,0,'1','','2011-12-23',0,0,'','','compra en plaza\r\n70038',NULL,NULL,21991,31092,NULL,'8400000002936','foto293.jpg','0'),(294,1,'85301','amortiguador delantero ford cargo 1730/1716 del 95-99',0,20,0,'',1,2,0,'1','','2011-12-23',0,0,'','','compra en plaza\r\n71498',NULL,NULL,31701,43277,NULL,'8400000002943','foto294.jpg','0'),(295,1,'99477','amortiguador traseroi volvo fh12 todos punta punta',0,20,0,'',1,2,0,'1','','2011-12-23',0,0,'','','compra e plaza\r\n70045',NULL,NULL,23134,32773,NULL,'8400000002950','foto295.jpg','0'),(296,1,'95700','amorttiguador del/ trasero actros',0,20,0,'',1,2,1,'1','','2011-12-23',0,0,'','','compra en plaza\r\n71058',NULL,NULL,26846,49560,NULL,'8400000002967','foto296.jpg','0'),(297,1,'97701','amortiguador trasero scania s/4 punta punta',0,20,0,'',1,2,0,'1','','2011-12-23',0,0,'','','compra en plaza\r\n70037',NULL,NULL,19230,29328,NULL,'8400000002974','foto297.jpg','0'),(298,1,'3660963699','turbo motor 366 a ',0,3,0,'',1,1,0,'1','','2011-12-23',0,0,'','','compra en plaza',NULL,NULL,235000,239496,NULL,'8400000002981','foto298.jpg','0'),(299,1,'s4487','valvula selectora 3 posiciones',0,19,0,'',1,1,0,'1','','2011-12-26',0,0,'','','compra en plaza',NULL,NULL,21747,31008,NULL,'8400000002998','foto299.jpg','0'),(300,1,'s4491','valvula selectora 2 posiciones',0,19,0,'',1,1,0,'1','','2011-12-26',0,0,'','','compra en plaza',NULL,NULL,16690,29327,NULL,'8400000003001','foto300.jpg','0'),(301,2,'551435','reparacion compresor bendix 15.5',0,10,0,'',20,2,1,'1','','2011-12-27',0,0,'','','compra en plaza ',NULL,NULL,14099,21849,0,'8400000003018','foto301.jpg','0'),(302,2,'0143463','goma camisa actros',0,4,0,'',1,17,1,'1','','2011-12-27',0,0,'','','compra en plaza\r\n07598',NULL,NULL,8175,14201,0,'8400000003025','foto302.jpg','0'),(303,1,'001PL19619','METAL BIELA ACTROS STD',0,21,0,'',1,6,2,'1','','2011-12-27',0,0,'','','COMPRA EN PLAZA',NULL,NULL,30000,36975,NULL,'8400000003032','foto303.jpg','0'),(304,1,'RL3514EA','VALVULA PEDALERA MERCEDEZ ACTROS',0,6,0,'',1,2,1,'1','','2011-12-27',0,0,'','','COMPRA EN PLAZA',NULL,NULL,26180,37815,NULL,'8400000003049','foto304.jpg','0'),(305,1,'RL3518ZBA','VALVULA RELAY 22 mm',0,6,0,'',1,4,1,'1','','2011-12-27',0,0,'','','COMPRA EN PLAZA',NULL,NULL,16422,29412,NULL,'8400000003056','foto305.jpg','0'),(306,1,'RL1705GA','VALVULA CONTROL P/CAMBIO',0,6,0,'',1,2,1,'1','','2011-12-27',0,0,'','','COMPRA EN PLAZA',NULL,NULL,14875,22605,NULL,'8400000003063','foto306.jpg','0'),(307,1,'1334037','ELECTRO VALVULA ALTA Y BAJA SERIE 4',0,6,0,'',1,2,1,'1','','2011-12-27',0,0,'','','COMPRA EN PLAZA',NULL,NULL,1660,29412,NULL,'8400000003070','foto307.jpg','0'),(308,1,'0059978447','RETEN GUARDAPOLVO BOGUE ACTROS',0,4,0,'',1,3,2,'1','','2011-12-27',0,0,'','','COMPRA EN PLAZA',NULL,NULL,11775,15000,NULL,'8400000003087','foto308.jpg','0'),(309,1,'0903011','JGO EMPAQ. SUPERIOR 8.3',0,5,0,'',1,1,1,'1','','2011-12-27',0,0,'','','COMPRA EN PLAZA',NULL,NULL,40000,54622,NULL,'8400000003094','foto309.jpg','0'),(310,1,'0903021','JGO. EMPAQ. INFERIOR 8.3',0,5,0,'',0,1,0,'1','','2011-12-27',0,0,'','','COMPRA EN PLAZA',NULL,NULL,40000,54622,NULL,'8400000003100','foto310.jpg','0'),(311,1,'4220160420','EMPAQ, CULATA SOLA SERIE 400',0,3,0,'',1,12,6,'1','','2011-12-27',0,0,'','','COMPRA EN PLAZA',NULL,NULL,7840,9160,NULL,'8400000003117','foto311.jpg','0'),(312,1,'0002540047','servo embrague actros WABCO',0,0,0,'',1,1,0,'1','','2011-12-27',0,0,'','','COMPRA EN PLAZA',NULL,NULL,135000,210084,NULL,'8400000003124','foto312.jpg','0'),(313,2,'0002540047','servo embrague actros SORL',0,6,0,'',35,6,1,'1','','2011-12-27',0,0,'','','COMPRA EN PLAZA',NULL,NULL,53550,100840,0,'8400000003131','foto313.jpg','0'),(314,1,'5422001901','bomba de agua actros sin retardador',0,0,0,'',1,1,0,'1','','2011-12-27',0,0,'','','COMPRA EN PLAZA',NULL,NULL,114000,130252,NULL,'8400000003148','foto314.jpg','0'),(315,2,'4440110110','CAMISA MOTOR 128 mm',0,4,0,'',14,16,1,'1','','2011-12-27',0,0,'','','COMPRA EN PLAZA',NULL,NULL,21675,24286,0,'8400000003155','foto315.jpg','0'),(316,1,'3907177','goma camisa cummins',0,5,0,'',1,6,1,'1','','2011-12-27',0,0,'','','COMPRA EN PLAZA',NULL,NULL,1900,3193,NULL,'8400000003162','foto316.jpg','0'),(317,1,'080203','camisa corta 8.3',0,0,0,'',1,6,1,'1','','2011-12-27',0,0,'','','COMPRA EN PLAZA',NULL,NULL,22000,25126,NULL,'8400000003179','foto317.jpg','0'),(318,1,'ck01','kit fuerza 8.3 larga 66 mm',0,5,0,'',1,6,1,'1','','2011-12-27',0,0,'','','COMPRA EN PLAZA',NULL,NULL,68000,80000,NULL,'8400000003186','foto318.jpg','0'),(319,1,'HX40W','TURBO CUMMINS CON ABRAZADERA Y VALVULA ACTUADORA',0,5,0,'',1,1,0,'1','','2011-12-27',0,0,'','','COMPRA EN PLAZA',NULL,NULL,330000,462185,NULL,'8400000003193','foto319.jpg','0'),(320,1,'4.62761','CAMISA MOTOR ACTROS',0,21,0,'',1,6,1,'1','','2011-12-27',0,0,'','','COMPRA EN PLAZA',NULL,NULL,24000,29412,NULL,'8400000003209','foto320.jpg','0'),(321,1,'060201','METAL DE BIELA STD. 8.3 ',0,5,0,'',1,1,0,'1','','2011-12-27',0,0,'','','COMPRA EN PLAZA',NULL,NULL,18000,22605,NULL,'8400000003216','foto321.jpg','0'),(322,1,'230201','JUEGO METAL EJE LEVA 8.3',0,5,0,'',0,1,0,'1','','2011-12-27',0,0,'','','COMPRA EN PLAZA',NULL,NULL,13000,16723,NULL,'8400000003223','foto322.jpg','0'),(323,1,'3802212','METAL  BANCADA STD. 8.3',0,5,0,'',1,1,0,'1','','2011-12-27',0,0,'','','COMPRA EN PLAZA',NULL,NULL,30000,38571,NULL,'8400000003230','foto323.jpg','0'),(324,2,'8063698170','JUEGO REPARACION CAJA DIRECCION 1618',0,15,0,'',30,1,0,'1','','2011-12-27',0,0,'','','COMPRA EN PLAZA',NULL,NULL,19722,30168,0,'8400000003247','foto324.jpg','0'),(325,2,'3561310035','SOPORTE COMPRESOR 355',0,3,0,'',20,1,0,'1','','2011-12-27',0,0,'','','COMPRA EN PLAZA',NULL,NULL,19207,27647,0,'8400000003254','foto325.jpg','0'),(326,2,'3151310274','PERNO LARGO SOPORTE COMPRESOR',0,3,0,'',20,2,1,'1','','2011-12-27',0,0,'','','COMPRA EN PLAZA',NULL,NULL,6937,14207,0,'8400000003261','foto326.jpg','0'),(327,1,'396851','espejo retrovisor scania 143',0,10,0,'',1,2,1,'1','','2011-12-28',0,0,'','','compra en plaza',NULL,NULL,7178,22689,NULL,'8400000003278','foto327.jpg','0'),(328,1,'386073','cruceta cardan 65 mm scania serie 4',0,10,0,'',1,1,0,'1','','2011-12-28',0,0,'','','compra en plaza',NULL,NULL,65000,82353,NULL,'8400000003285','foto328.jpg','0'),(329,1,'3555860033','pasador muñon 45mm std 2428',0,3,0,'',1,1,0,'1','','2011-12-28',0,0,'','','compra en plaza',NULL,NULL,79900,96639,NULL,'8400000003292','foto329.jpg','0'),(330,1,'dmb006','perno estri. regulador actros',0,22,0,'',1,1,0,'1','','2011-12-29',0,0,'','','compra en plaza',NULL,NULL,21505,35294,NULL,'8400000003308','foto330.jpg','0'),(331,1,'dmb056','fit rodamiento y cubeta kaliper actros',0,22,0,'',1,1,0,'1','','2011-12-29',0,0,'','','compra en plaza',NULL,NULL,25225,36891,NULL,'8400000003315','foto331.jpg','0'),(332,1,'rc3066','reparacion kaliper actros',0,22,0,'',1,1,0,'1','','2011-12-29',0,0,'','','compra en plaza',NULL,NULL,26339,37815,NULL,'8400000003322','foto332.jpg','0'),(333,1,'0002684889','extremo conico largo palanca cambio',0,16,0,'',1,6,2,'1','','2011-12-29',0,0,'','','compra en plaza',NULL,NULL,6384,14958,NULL,'8400000003339','foto333.jpg','0'),(334,1,'10770','espejo cunetero sk',0,4,0,'',1,1,0,'1','','2011-12-29',0,0,'','','compra en plaza',NULL,NULL,25275,37815,NULL,'8400000003346','foto334.jpg','0'),(335,1,'0052508404','prensa embrague 17\" sk',0,3,0,'',1,2,1,'1','','2011-12-29',0,0,'','','compra en plaza',NULL,NULL,209600,231092,NULL,'8400000003353','foto335.jpg','0'),(336,1,'6965007375','manguera interculer lado caliente',0,4,0,'',0,6,1,'1','','2012-01-11',0,0,'','','compra en plaza \r\n38163',NULL,NULL,14180,31933,NULL,'8400000003360','foto336.jpg','0'),(337,1,'6965007475','manguera interculer lado frio',0,4,0,'',1,6,1,'1','','2012-01-11',0,0,'','','compra en plaza\r\n38125',NULL,NULL,10365,31933,NULL,'8400000003377','foto337.jpg','0'),(338,1,'101359','filtro aceite s/4  volvo boca angosta',0,3,0,'',102,9,2,'1','','2012-01-11',0,0,'','','compra en plaza\r\n',NULL,NULL,4588,8319,0,'8400000003384','foto338.jpg','0'),(339,2,'8845032002','cabezal compresor cummins wabco',0,3,0,'',19,1,0,'1','','2012-01-12',0,0,'','','compra en plaza\r\nf613018',NULL,NULL,19031,32689,0,'8400000003391','foto339.jpg','0'),(340,2,'9111556554','tapa cabezal compresor cummins wabco',0,3,0,'',19,1,0,'1','','2012-01-12',0,0,'','','compra en plaza\r\n613007',NULL,NULL,32855,55378,0,'8400000003407','foto340.jpg','0'),(341,1,'9111559212','reparacion compresor cummins wabco',0,3,0,'',1,1,0,'1','','2012-01-12',0,0,'','','compra en plaza\r\nf613019',NULL,NULL,27439,36891,NULL,'8400000003414','foto341.jpg','0'),(342,2,'9115016252','piston con anillo compresor cummins wabco',0,3,0,'',20,2,1,'1','','2012-01-12',0,0,'','','compra en plaza\r\n613006',NULL,NULL,38015,47899,0,'8400000003421','foto342.jpg','0'),(343,1,'538919','reparacion bonba embrague scania 113',0,3,0,'',1,2,1,'1','','2012-01-12',0,0,'','','compra en plaza',NULL,NULL,7800,12605,NULL,'8400000003438','foto343.jpg','0'),(344,1,'9pk1885','correa ventilador actros 9pk 1885',0,4,0,'',1,4,1,'1','','2012-01-12',0,0,'','','compra en plaza',NULL,NULL,10325,14201,NULL,'8400000003445','foto344.jpg','0'),(345,2,'0000912190','bomba elevadora para adaptar',0,1,0,'',11,7,1,'1','','2012-01-19',0,0,'','','importacion directa',NULL,NULL,5027,21008,0,'8400000003452','foto345.jpg','0'),(346,1,'ii32687006','reparacion compresor scania s/4',0,3,0,'',1,1,0,'1','','2012-01-21',0,0,'','','compra en plaza\r\ns103161',NULL,NULL,35600,48735,NULL,'8400000003469','foto346.jpg','0'),(347,1,'0003502405','extremo barra en v axor central 85x152x25',0,16,0,'',1,4,1,'1','','2012-01-21',0,0,'','','compra en plaza',NULL,NULL,30400,74790,NULL,'8400000003476','foto347.jpg','0'),(348,0,'520255','anillo motor scania s/4 124',0,10,0,'',1,6,1,'1','','2012-01-21',0,0,'','','compra en plaza',NULL,NULL,17093,24370,NULL,'8400000003483','foto348.jpg','1'),(349,1,'550255','anillo motor 127 mm scania s/4 124',0,10,0,'',1,6,1,'1','','2012-01-21',0,0,'','','compra en plaza',NULL,NULL,17093,24370,NULL,'8400000003490','foto349.jpg','0'),(350,2,'9013201530','amortiguador delantero sprinter 313',0,4,0,'',87,4,2,'1','','2012-01-26',0,0,'','','compra en plaza\r\n08323',NULL,NULL,33150,45000,NULL,'8400000003506','foto350.jpg','0'),(351,2,'9014600205','barra direccion sprinter 313',0,4,0,'',122,1,0,'1','','2012-01-26',0,0,'','','compra en plaza\r\n5732',NULL,NULL,28425,70000,NULL,'8400000003513','foto351.jpg','0'),(352,2,'50845','goma camisa 125 mm ',0,4,0,'',2,8,6,'1','','2012-01-26',0,0,'','','compra en plaza\r\n5753',NULL,NULL,5100,6555,0,'8400000003520','foto352.jpg','0'),(353,2,'9060101405','emp. inferior motor 906',0,3,0,'',1,1,0,'1','','2012-02-22',0,0,'','','compra en plaza \r\n906',NULL,NULL,47121,65546,NULL,'8400000003537','foto353.jpg','0'),(354,2,'595541','empaq. descarbonizado culata scania 112',0,10,0,'',1,1,0,'1','','2012-02-23',0,0,'','','compra en plaza',NULL,NULL,6500,12269,NULL,'8400000003544','foto354.jpg','0'),(355,2,'3520110210','camisa motor 366.  101 mm',0,15,0,'',1,6,1,'1','','2012-02-23',0,0,'','','compra en plaza',NULL,NULL,7996,10000,NULL,'8400000003551','foto355.jpg','0'),(356,2,'5948','anillo 130 mm actros',0,0,0,'',1,6,1,'1','','2012-02-23',0,0,'','','compra en plaza',NULL,NULL,20925,35000,NULL,'8400000003568','foto356.jpg','0'),(357,2,'9260300024','anillo motor 924',0,0,0,'',1,4,1,'1','','2012-02-23',0,0,'','','compra en plaza',NULL,NULL,10812,15000,NULL,'8400000003575','foto357.jpg','0'),(358,2,'7269','anillo motor 128 mm',0,4,0,'',1,7,1,'1','','2012-02-23',0,0,'','','compra en plaza',NULL,NULL,15720,20500,NULL,'8400000003582','foto358.jpg','0'),(359,2,'103195','goma camisa scania serie 4 con gomas de injector',0,0,0,'',2,3,1,'1','','2012-02-23',0,0,'','','compra en plaza',NULL,NULL,4500,18000,0,'8400000003599','foto359.jpg','0'),(360,2,'387503','goma camisa scania serie 4 (ancha)',0,0,0,'',2,6,1,'1','','2012-02-23',0,0,'','','compra en plaza',NULL,NULL,3920,5714,NULL,'8400000003605','foto360.jpg','0'),(361,2,'1302827','goma camisa scania serie 4 P94',0,0,0,'',2,6,1,'1','','2012-02-23',0,0,'','','compra en plaza',NULL,NULL,4200,6302,NULL,'8400000003612','foto361.jpg','0'),(362,2,'4570160221','empaquetadura tapa valvula 457',0,0,0,'',2,3,1,'1','','2012-02-23',0,0,'','','compra en plaza',NULL,NULL,6000,9000,NULL,'8400000003629','foto362.jpg','0'),(363,2,'4230100320','empaq. descarb. culata serie 400',0,0,0,'',3,42,1,'1','','2012-02-23',0,0,'','','compra en plaza',NULL,NULL,9500,14202,NULL,'8400000003636','foto363.jpg','0'),(364,2,'5410161120','empaq. culata actros OM501',0,0,0,'',3,4,1,'1','','2012-02-23',0,0,'','','COMPRA EN PLAZA',NULL,NULL,11500,21008,NULL,'8400000003643','foto364.jpg','0'),(365,2,'4570108120','EMPAQ. DESCARB OM-475',0,0,0,'',5,6,1,'1','','2012-02-23',0,0,'','','COMPRA EN PLAZA',NULL,NULL,16000,26890,0,'8400000003650','foto365.jpg','0'),(366,2,'62305','RODAMIENTO CIGUEÑAL SK',0,0,0,'',3,3,1,'1','','2012-02-23',0,0,'','','compra en plaza',NULL,NULL,5800,14285,NULL,'8400000003667','foto366.jpg','0'),(367,2,'3609901304','rodamiento volante 6305',0,0,0,'',3,4,1,'1','','2012-02-23',0,0,'','','compra en plaza',NULL,NULL,1500,4369,NULL,'8400000003674','foto367.jpg','0'),(368,2,'4030160321','empaquetadura tapa valvula serie 400 ',0,0,0,'',3,2,1,'1','','2012-02-23',0,0,'','','compra en plaza',NULL,NULL,800,13445,NULL,'8400000003681','foto368.jpg','0'),(369,2,'4421840580','empaquetadura enfrior de aceite ',0,0,0,'',3,2,1,'1','','2012-02-23',0,0,'','','compra en plaza',NULL,NULL,4000,6554,NULL,'8400000003698','foto369.jpg','0'),(370,2,'0149974647','reten delantero cigueñal serie 400',0,3,0,'',4,6,1,'1','','2012-02-23',0,0,'','','compra ben plaza',NULL,NULL,8500,11765,NULL,'8400000003704','foto370.jpg','0'),(371,2,'0139971447','reten trasero cigueñal serie 400',0,4,0,'',4,2,1,'1','','2012-02-23',0,0,'','','compra en plaza',NULL,NULL,8000,10840,NULL,'8400000003711','foto371.jpg','0'),(372,2,'0219977647','reten delantero 906',0,0,0,'',4,1,0,'1','','2012-02-23',0,0,'','','compra en plaza',NULL,NULL,7120,14957,NULL,'8400000003728','foto372.jpg','0'),(373,2,'0219975347','reten trasero 906',0,3,0,'',4,1,0,'1','','2012-02-23',0,0,'','','compra en plaza',NULL,NULL,8500,12268,NULL,'8400000003735','foto373.jpg','0'),(374,2,'1433183','reten cigueñal trasero scania serie 4',0,0,0,'',4,2,1,'1','','2012-02-23',0,0,'','','compra en plaza',NULL,NULL,14900,22689,0,'8400000003742','foto374.jpg','0'),(375,2,'1468555','empaq. descarb. culata serie 4. 13 hoyos',0,0,0,'',4,6,1,'1','','2012-02-23',0,0,'','','compra en plaza',NULL,NULL,15920,23529,NULL,'8400000003759','foto375.jpg','0'),(376,2,'373472','empaquetadura culata scania 112 SPAAL',0,0,0,'',4,6,1,'1','','2012-02-23',0,0,'','','compra en plaza',NULL,NULL,5500,7627,NULL,'8400000003766','foto376.jpg','0'),(377,2,'373472 DPH','empaq. culata scania 112 DPH',0,0,0,'',4,1,0,'1','','2012-02-23',0,0,'','','COMPRA EN PLAZA',NULL,NULL,7900,12269,NULL,'8400000003773','foto377.jpg','0'),(378,2,'373472 V.R','EMPAQ CULATA SCANIA V.REINZ',0,0,0,'',4,4,1,'1','','2012-02-23',0,0,'','','COMPRA EN PLAZA',NULL,NULL,9000,15630,NULL,'8400000003780','foto378.jpg','0'),(379,2,'3069','BIELA MOTOR OM-366',0,0,0,'',5,4,1,'1','','2012-02-23',0,0,'','','COMPRA EN PLAZA',NULL,NULL,41300,49496,NULL,'8400000003797','foto379.jpg','0'),(380,2,'4420110080','EMPAQ. TAPA DISTRIBUCION DELANTERA SERIE 400',0,0,0,'',5,4,1,'1','','2012-02-23',0,0,'','','COMPRA EN PLAZA',NULL,NULL,2000,4622,NULL,'8400000003803','foto380.jpg','0'),(381,2,'4570161120','EMPAQ CULATA SOLA 457',0,0,0,'',5,1,0,'1','','2012-02-23',0,0,'','','COMPRA EN PLAZA',NULL,NULL,19000,21008,NULL,'8400000003810','foto381.jpg','0'),(382,2,'38402','PASADOR DE PISTON SERIE 400',0,0,0,'',5,6,1,'1','','2012-02-23',0,0,'','','COMPRA EN PLAZA',NULL,NULL,5000,10000,NULL,'8400000003827','foto382.jpg','0'),(383,2,'1403258','EMPAQ. DESCARB. CULATA SCANIA DS9',0,0,0,'',5,1,0,'1','','2012-02-23',0,0,'','','COMPRA EN PLAZA',NULL,NULL,9900,16639,NULL,'8400000003834','foto383.jpg','0'),(384,2,'1403260','EMPAQ. CULATA SCANIA SERIE 4 12HOYOS.',0,0,0,'',5,5,1,'1','','2012-02-23',0,0,'','','COMPRA EN PLAZA',NULL,NULL,11900,20084,NULL,'8400000003841','foto384.jpg','0'),(385,2,'1382183','CAMISA SCANIA SERIE 4',0,0,0,'',5,2,1,'1','','2012-02-23',0,0,'','','COMPRA EN PLAZA',NULL,NULL,32400,45378,NULL,'8400000003858','foto385.jpg','0'),(386,2,'3660303617','PISTON MOTOR 366 A',0,0,0,'',5,6,1,'1','','2012-02-23',0,0,'','','COMPRA EN PLAZA',NULL,NULL,9000,14000,NULL,'8400000003865','foto386.jpg','0'),(387,2,'3660302717','PISTON MOTOR 366 SIN TURBO',0,0,0,'',5,6,1,'1','','2012-02-23',0,0,'','','COMPRA EN PLAZA',NULL,NULL,9000,14000,NULL,'8400000003872','foto387.jpg','0'),(388,2,'3669900301','PERNO CULATA 366',0,0,0,'',8,29,1,'1','','2012-02-24',0,0,'','','COMPRA EN PLAZA',NULL,NULL,1200,2100,NULL,'8400000003889','foto388.jpg','0'),(389,2,'5410500322','TAQUIES MOTOR ACTROS',0,0,0,'',8,10,1,'1','','2012-02-24',0,0,'','','COMPRA EN PLAZA',NULL,NULL,21563,30168,NULL,'8400000003896','foto389.jpg','0'),(390,2,'9040300140','METAL BANCADA 0.25. 904',0,0,0,'',8,1,0,'1','','2012-02-24',0,0,'','','COMPRA EN PLAZA',NULL,NULL,34059,41849,NULL,'8400000003902','foto390.jpg','0'),(391,2,'352750','rodamiento empuje completo scania 112',0,10,0,'',33,1,0,'1','','2012-02-24',0,0,'','','compra en plaza',NULL,NULL,29683,47059,0,'8400000003919','foto391.jpg','0'),(392,2,'9040301340','METAL DE BANCADA 906 STD.',0,0,0,'',8,1,0,'1','','2012-02-24',0,0,'','','COMPRA EN PLAZA',NULL,NULL,22766,32689,NULL,'8400000003926','foto392.jpg','0'),(393,2,'9040302160','metal biela 025 904-906',0,3,0,'',8,6,2,'1','','2012-02-24',0,0,'','','compra en plaza codigo 3231',NULL,NULL,4505,6303,NULL,'8400000003933','foto393.jpg','0'),(394,2,'3210-403','metal bancada std. 403',0,0,0,'',8,3,1,'1','','2012-02-24',0,0,'','','compra en plaza codigo 3210',NULL,NULL,57000,75630,NULL,'8400000003940','foto394.jpg','0'),(395,2,'449','metal biela std. 449',0,0,0,'',8,1,0,'1','','2012-02-24',0,0,'','','compra en plaza',NULL,NULL,31728,41933,NULL,'8400000003957','foto395.jpg','0'),(396,2,'401075','METAL BANCADA 075 401',0,0,0,'',8,1,0,'1','','2012-02-24',0,0,'','','COMPRA EN PLAZA',NULL,NULL,72000,83109,NULL,'8400000003964','foto396.jpg','0'),(397,2,'20530916','METAL BANCADA STD VOLVO FH12',0,0,0,'',8,2,1,'1','','2012-02-24',0,0,'','','COMPRA EN PLAZA',NULL,NULL,43850,51260,NULL,'8400000003971','foto397.jpg','0'),(398,2,'200498','metal bancada 0.75 volvo B10',0,0,0,'',8,1,0,'1','','2012-02-24',0,0,'','','compra en plaza',NULL,NULL,45000,63025,NULL,'8400000003988','foto398.jpg','0'),(399,2,'550494','metal de biela scania serie 4 ',0,0,0,'',8,1,0,'1','','2012-02-24',0,0,'','','compra en plaza',NULL,NULL,38900,43698,NULL,'8400000003995','foto399.jpg','0'),(400,2,'4.91050','METAL AXIAL CIGUEÑAL ACTROS',0,0,0,'',8,1,0,'1','','2012-02-24',0,0,'','','COMPRA EN PLAZA',NULL,NULL,49000,75630,NULL,'8400000004008','foto400.jpg','0'),(401,2,'4420300220','BIELA MOTOR 442',0,0,0,'',8,2,1,'1','','2012-02-24',0,0,'','','COMPRA EN PLAZA',NULL,NULL,30000,65546,NULL,'8400000004015','foto401.jpg','0'),(402,2,'4420500526','valv. admision seguro abajo.serie400.',0,0,0,'',15,5,1,'1','','2012-02-24',0,0,'','','compra en plaza',NULL,NULL,4800,8235,NULL,'8400000004022','foto402.jpg','0'),(403,2,'4420500227','valv. escape serie 400 seguro abajo',0,0,0,'',15,7,1,'1','','2012-02-24',0,0,'','','compra en plaza\r\n',NULL,NULL,4800,8235,NULL,'8400000004039','foto403.jpg','0'),(404,2,'4030530030','GUIA VALVULA SERIE 400',0,0,0,'',15,22,8,'1','','2012-02-24',0,0,'','','COMPRA EN PLAZA',NULL,NULL,800,1513,NULL,'8400000004046','foto404.jpg','0'),(405,2,'5410530532','ASIENTO DE ESCAPE ACTROS',0,0,0,'',15,12,6,'1','','2012-02-24',0,0,'','','COMPRA EN PALZA',NULL,NULL,2500,5462,NULL,'8400000004053','foto405.jpg','0'),(406,2,'5410531731','ASIENTO ADMISION ACTROS ',0,0,0,'',15,12,6,'1','','2012-02-24',0,0,'','','COMPRA EN PLAZA',NULL,NULL,3000,6303,NULL,'8400000004060','foto406.jpg','0'),(407,2,'4220530196','RETEN DE VALVULA SERIE 400',0,0,0,'',15,36,8,'1','','2012-02-24',0,0,'','','COMPRA EN PLAZA',NULL,NULL,1120,1664,NULL,'8400000004077','foto407.jpg','0'),(408,2,'122320','guia admision volvo TD101/2/3',0,0,0,'',15,6,1,'1','','2012-02-24',0,0,'','','compra en plaza',NULL,NULL,1589,2270,NULL,'8400000004084','foto408.jpg','0'),(409,2,'421297','GUIA DE ESCAPE VOLVO TD101/2/3',0,0,0,'',15,6,1,'1','','2012-02-24',0,0,'','','COMPRA EN PLAZA',NULL,NULL,1186,2101,NULL,'8400000004091','foto409.jpg','0'),(410,2,'577436','VALVULA ESCAPE TD 101/2/3',0,0,0,'',15,6,1,'1','','2012-02-24',0,0,'','','COMPRA EN PLAZA',NULL,NULL,5980,7479,NULL,'8400000004107','foto410.jpg','0'),(411,2,'10706','METAL BANCADA 050 401',0,0,0,'',15,1,0,'1','','2012-02-24',0,0,'','','COMPRA EN PLAZA',NULL,NULL,68000,79831,NULL,'8400000004114','foto411.jpg','0'),(412,2,'30850','METAL BIELA 050 MOTOR 401/2/3',0,0,0,'',15,8,1,'1','','2012-02-24',0,0,'','','COMPRA EN PLAZA',NULL,NULL,5500,6555,NULL,'8400000004121','foto412.jpg','0'),(413,2,'1328563','RETEN VALV. AD. Y ESC. SERIE 4',0,0,0,'',15,24,5,'1','','2012-02-24',0,0,'','','COMPRA EN PLAZA',NULL,NULL,920,1512,NULL,'8400000004138','foto413.jpg','0'),(414,2,'232018','VALV  ESC 45º  111/2 Y V8',0,0,0,'',15,4,1,'1','','2012-02-24',0,0,'','','COMPRA EN PLAZA',NULL,NULL,3600,5798,0,'8400000004145','foto414.jpg','0'),(415,2,'177986','PERNO VOLANTE SCANIA 111/2/·',0,0,0,'',15,8,1,'1','','2012-02-24',0,0,'','','COMPRA EN PLAZA',NULL,NULL,760,1500,NULL,'8400000004152','foto415.jpg','0'),(416,2,'7065','rep.bba elevadora BOCH',0,3,0,'',11,5,1,'1','','2012-02-24',0,0,'','','compra en plaza',NULL,NULL,3800,4370,NULL,'8400000004169','foto416.jpg','0'),(417,2,'0015861207','reparacion bomba elevadora 364',0,0,0,'',11,1,0,'1','','2012-02-24',0,0,'','','compra en plaza',NULL,NULL,6000,8500,NULL,'8400000004176','foto417.jpg','0'),(418,2,'0000747684','valvula sobre presion de petroleo',0,0,0,'',11,20,5,'1','','2012-02-24',0,0,'','','compra en plaza',NULL,NULL,1500,2185,NULL,'8400000004183','foto418.jpg','0'),(419,2,'0009951407','abrazadera para doble cañeria',0,0,0,'',11,3,1,'1','','2012-02-24',0,0,'','','compra en plaza',NULL,NULL,900,1135,NULL,'8400000004190','foto419.jpg','0'),(420,2,'3936318','bomba elevadora petroleo 8.3 ',0,0,0,'',12,3,1,'1','','2012-02-24',0,0,'','','compra en plaza',NULL,NULL,27000,37647,NULL,'8400000004206','foto420.jpg','0'),(421,2,'244825','bomba elevadora petroleo volvo fl10',0,0,0,'',12,2,0,'1','','2012-02-24',0,0,'','','compra en plaza\r\nvolvo diesel',NULL,NULL,60690,100840,NULL,'8400000004213','foto421.jpg','0'),(422,2,'1739237','soporte eje balancin',0,0,0,'',12,1,0,'1','','2012-02-24',0,0,'','','compra en plaza',NULL,NULL,23800,32000,NULL,'8400000004220','foto422.jpg','0'),(423,2,'479107','empaq. multiple escape volvo v58-b10',0,0,0,'',14,22,6,'1','','2012-02-24',0,0,'','','compra en plaza',NULL,NULL,1800,2353,NULL,'8400000004237','foto423.jpg','0'),(424,2,'0000902051','filtro bomba manual actros',0,0,0,'',14,2,1,'1','','2012-02-24',0,0,'','','compra en plaza',NULL,NULL,9000,13361,NULL,'8400000004244','foto424.jpg','0'),(425,2,'423079','piñon distribucion bomba injectora',0,0,0,'',14,1,0,'1','','2012-02-24',0,0,'','','compra en plaza',NULL,NULL,62500,83866,NULL,'8400000004251','foto425.jpg','0'),(426,2,'59280','empaq. turbo juego scania serie 4',0,3,0,'',14,1,0,'1','','2012-02-24',0,0,'','','compra en plaza',NULL,NULL,2500,4622,NULL,'8400000004268','foto426.jpg','0'),(427,2,'5410700646','valv.retencion de combustible actros',0,0,0,'',14,1,0,'1','','2012-02-24',0,0,'','','compra en plaza',NULL,NULL,15000,22689,NULL,'8400000004275','foto427.jpg','0'),(428,2,'2.91060','valv.retencion petroleo volvo-scania',0,0,0,'',14,4,1,'1','','2012-02-24',0,0,'','','compra en plaza',NULL,NULL,2200,4118,NULL,'8400000004282','foto428.jpg','0'),(429,2,'0003502305','extremo bogue central axor 8x152x25',0,16,0,'',44,1,0,'1','','2012-02-25',0,0,'','','compra en plaza',NULL,NULL,32300,79664,NULL,'8400000004299','foto429.jpg','0'),(430,2,'4570701033','cañeria injector 457',0,0,0,'',14,6,1,'1','','2012-02-27',0,0,'','','compra en plaza',NULL,NULL,5500,9244,NULL,'8400000004305','foto430.jpg','0'),(431,2,'5410701533','cañeria injector actros',0,0,0,'',14,7,1,'1','','2012-02-27',0,0,'','','compra en plaza',NULL,NULL,5500,9244,NULL,'8400000004312','foto431.jpg','0'),(432,2,'5411300108','kit compresor 100 mm MP2',0,0,0,'',17,2,1,'1','','2012-02-27',0,0,'','','compra en plaza',NULL,NULL,80000,110924,0,'8400000004329','foto432.jpg','0'),(433,2,'0011301015','rep. culatin compresor largo 457',0,0,0,'',17,1,0,'1','','2012-02-27',0,0,'','','compra en plaza\r\n4123520022 WABCO',NULL,NULL,31000,52101,NULL,'8400000004336','foto433.jpg','0'),(434,2,'4123526582','culatin compresor largo 457',0,0,0,'',17,1,0,'1','','2012-02-27',0,0,'','','compra en plaza',NULL,NULL,95408,122689,NULL,'8400000004343','foto434.jpg','0'),(435,2,'4.90543','anillo compresor actros 2,5x2.5x4mm',0,4,0,'',18,9,1,'1','','2012-02-27',0,0,'','','compra en plaza',NULL,NULL,13000,33613,NULL,'8400000004350','foto435.jpg','0'),(436,2,'4.90804','anillo compresor actros 2.5x2,5x3mm',0,0,0,'',18,8,1,'1','','2012-02-27',0,0,'','','compra en plaza',NULL,NULL,13000,33613,0,'8400000004367','foto436.jpg','0'),(437,2,'3521300319','culatin compresor  94mm ',0,3,0,'',18,1,0,'1','','2012-02-28',0,0,'','','compra en plaza\r\n13038',NULL,NULL,25200,35294,NULL,'8400000004374','foto437.jpg','0'),(438,2,'3521313002','cilindro compresor 94 mm.',0,0,0,'',18,1,0,'1','','2012-02-27',0,0,'','','compra en plaza',NULL,NULL,20800,30168,NULL,'8400000004381','foto438.jpg','0'),(439,2,'491982','SILICONA PLOMA LOCTITE',0,0,0,'',75,60,8,'1','','2012-02-27',0,0,'','','COMPRA EN PLAZA\r\nRODAR',NULL,NULL,2916,3782,NULL,'8400000004398','foto439.jpg','0'),(440,2,'294134','WD40 LOCTITE',0,0,0,'',69,12,2,'1','','2012-02-27',0,0,'','','COMPRA EN PLAZA',NULL,NULL,1795,2353,0,'8400000004404','foto440.jpg','0'),(441,2,'37531','ACERO LIQUIDO',0,0,0,'',69,6,2,'1','','2012-02-27',0,0,'','','COMPRA EN PLAZA',NULL,NULL,2899,3613,NULL,'8400000004411','foto441.jpg','0'),(442,2,'37421','TRABA PERNO LOCTITE 271',0,0,0,'',69,6,1,'1','','2012-02-27',0,0,'','','COMPRA EN PLAZA',NULL,NULL,3079,4120,0,'8400000004428','foto442.jpg','0'),(443,2,'3633280201','pulmon suspencion 757 N',0,0,0,'',71,2,1,'1','','2012-02-28',0,0,'','','compra en plaza',NULL,NULL,17255,63025,NULL,'8400000004435','foto443.jpg','0'),(444,2,'3444607157','cruceta de direccion completa',0,3,0,'',63,4,1,'1','','2012-02-28',0,0,'','','compra en plaza',NULL,NULL,8000,16723,NULL,'8400000004442','foto444.jpg','0'),(445,2,'9060500327','valvula escape std. 904-906',0,0,0,'',15,12,6,'1','','2012-02-28',0,0,'','','compra en plaza',NULL,NULL,2504,3269,NULL,'8400000004459','foto445.jpg','0'),(446,2,'3039','metal bancada juego 906',0,0,0,'',8,1,0,'1','','2012-02-28',0,0,'','','compra en plaza',NULL,NULL,64880,79748,NULL,'8400000004466','foto446.jpg','0'),(447,2,'0012956808','cilindro superior embrague serie 400 ',0,15,0,'',42,4,1,'1','','2012-02-28',0,0,'','','compra en plaa 29099',NULL,NULL,6630,15882,0,'8400000004473','foto447.jpg','0'),(448,2,'0012957406','bomba de embrague superior',0,0,0,'',41,4,1,'1','','2012-02-28',0,0,'','','compra en plaza',NULL,NULL,5800,19831,NULL,'8400000004480','foto448.jpg','0'),(449,2,'5411310131','rep. compresor actros MP2 carretero',0,0,0,'',18,4,1,'1','','2012-02-29',0,0,'','','compra en plaza',NULL,NULL,16200,31933,NULL,'8400000004497','foto449.jpg','0'),(450,2,'3521312533','metal compresor 94 mm',0,0,0,'',18,1,0,'1','','2012-02-29',0,0,'','','compra en plaza',NULL,NULL,2800,4033,NULL,'8400000004503','foto450.jpg','0'),(451,2,'4031302816','biela compresor 90 mm',0,0,0,'',18,1,0,'1','','2012-02-29',0,0,'','','compra en plaza',NULL,NULL,18900,33445,NULL,'8400000004510','foto451.jpg','0'),(452,2,'5411310017','biela compresor actros',0,0,0,'',18,1,0,'1','','2012-02-29',0,0,'','','compra en plaza',NULL,NULL,69000,97479,NULL,'8400000004527','foto452.jpg','0'),(453,2,'343733','piñon compresor scania 112',0,0,0,'',18,1,0,'1','','2012-02-29',0,0,'','','compra en plaza',NULL,NULL,21040,33613,NULL,'8400000004534','foto453.jpg','0'),(454,2,'0001302517','piston compresor 88mm con anillo (scania volvo mercedez)',0,0,0,'',18,7,2,'1','','2012-02-29',0,0,'','','compra en plaza',NULL,NULL,29848,33529,0,'8400000004541','foto454.jpg','0'),(455,2,'17006','reparacion compresor scania LP49',0,0,0,'',19,1,0,'1','','2012-02-29',0,0,'','','COMPRA EN PLAZA',NULL,NULL,26000,32773,NULL,'8400000004558','foto455.jpg','0'),(456,2,'0001319211','ANILLO COMPRESOR 94mm',0,0,0,'',19,1,0,'1','','2012-02-29',0,0,'','','compra en plaza',NULL,NULL,3500,5798,NULL,'8400000004565','foto456.jpg','0'),(457,2,'4.90688','reparacion compresor actros forestal',0,0,0,'',19,3,1,'1','','2012-02-29',0,0,'','','compra en plaza',NULL,NULL,17700,31933,NULL,'8400000004572','foto457.jpg','0'),(458,2,'190280','empaq. compresor actros forestal',0,0,0,'',19,8,2,'1','','2012-02-29',0,0,'','','compra en plaza',NULL,NULL,13500,25126,NULL,'8400000004589','foto458.jpg','0'),(459,2,'5411300620','placa compresor actros',0,0,0,'',19,1,0,'1','','2012-02-29',0,0,'','','compra en plaza',NULL,NULL,73875,91513,NULL,'8400000004596','foto459.jpg','0'),(460,2,'4411300221','reparacion compresor 100mm(2631)',0,0,0,'',19,11,3,'1','','2012-02-29',0,0,'','','compra en plaza',NULL,NULL,16000,32605,NULL,'8400000004602','foto460.jpg','0'),(461,2,'0001314402','camisa compresor 88 mm refrigerada x aire',0,0,0,'',20,1,0,'1','','2012-02-29',0,0,'','','compra en plaza',NULL,NULL,26320,36050,NULL,'8400000004619','foto461.jpg','0'),(462,2,'0001305020','placa compresor 90 mm',0,0,0,'',20,1,0,'1','','2012-02-29',0,0,'','','compra en plaza',NULL,NULL,33000,40168,NULL,'8400000004626','foto462.jpg','0'),(463,2,'0001801609','filtro aceite 914',0,0,0,'',22,5,1,'1','','2012-02-29',0,0,'','','compra en plaza',NULL,NULL,1800,2941,NULL,'8400000004633','foto463.jpg','0'),(464,2,'4411800109','filtro aceite OM441',0,0,0,'',22,12,2,'1','','2012-02-29',0,0,'','','compra en plaza',NULL,NULL,3895,5465,NULL,'8400000004640','foto464.jpg','0'),(465,2,'5411800201','bomba aceite actros',0,0,0,'',23,2,1,'1','','2012-02-29',0,0,'','','compra en plaza',NULL,NULL,118900,156303,NULL,'8400000004657','foto465.jpg','0'),(466,2,'478649','bomba de aceite TD120',0,0,0,'',23,1,0,'1','','2012-02-29',0,0,'','','compra en plaza',NULL,NULL,236186,264706,NULL,'8400000004664','foto466.jpg','0'),(467,2,'0025421717','bulbo presion de aceite 18mm',0,0,0,'',23,1,0,'1','','2012-02-29',0,0,'','','compra en plaza',NULL,NULL,17000,24874,NULL,'8400000004671','foto467.jpg','0'),(468,2,'0125420517','bulbo presion de aceite actrso 16mm',0,0,0,'',23,2,1,'1','','2012-02-29',0,0,'','','compra en plaza',NULL,NULL,15000,24034,NULL,'8400000004688','foto468.jpg','0'),(469,2,'9061420280','empaquetadura multiple escape 906',0,0,0,'',24,3,2,'1','','2012-02-29',0,0,'','','compra en plaza',NULL,NULL,3800,5462,NULL,'8400000004695','foto469.jpg','0'),(470,2,'9061410180','empaq. multiple admision 904-906',0,0,0,'',24,3,1,'1','','2012-02-29',0,0,'','','compra en plaza',NULL,NULL,3800,5462,0,'8400000004701','foto470.jpg','0'),(471,2,'4221401883','reparacion freno motor 422',0,0,0,'',24,1,0,'1','','2012-02-29',0,0,'','','compra en plaza',NULL,NULL,14850,30084,NULL,'8400000004718','foto471.jpg','0'),(472,2,'5412001070','tensor correa actros polea plastica',0,0,0,'',25,11,2,'1','','2012-02-29',0,0,'','','compra en plaza 20282',NULL,NULL,27000,66303,0,'8400000004725','foto472.jpg','0'),(473,2,'1437296','empaq. multiple admision scania serie 4 P94',0,0,0,'',25,2,1,'1','','2012-02-29',0,0,'','','COMPRA EN PLAZA',NULL,NULL,8600,14118,NULL,'8400000004732','foto473.jpg','0'),(474,2,'292761','BOMBA DE AGUA SCANIA 112',0,0,0,'',26,1,0,'1','','2012-02-29',0,0,'','','COMPRA EN PLAZA',NULL,NULL,52000,65546,NULL,'8400000004749','foto474.jpg','0'),(475,2,'1353072','bomba de agua scania serie 4',0,0,0,'',26,1,0,'1','','2012-02-29',0,0,'','','compra en plaza',NULL,NULL,43000,63025,NULL,'8400000004756','foto475.jpg','0'),(476,2,'9042000201','bomba de agua 904-906',0,0,0,'',27,1,0,'1','','2012-03-01',0,0,'','','compra en plaza',NULL,NULL,56800,83109,NULL,'8400000004763','foto476.jpg','0'),(477,2,'4032007001','bomba de agua caudal chico serie 400',0,0,0,'',27,1,0,'1','','2012-03-01',0,0,'','','compra en plaza',NULL,NULL,8000,94118,NULL,'8400000004770','foto477.jpg','0'),(478,2,'4032007101','bomba de agua caudal grande serie 400',0,0,0,'',28,3,1,'1','','2012-03-01',0,0,'','','compra en plaza',NULL,NULL,80000,96639,0,'8400000004787','foto478.jpg','0'),(479,2,'5412000370','tensor correa actros frenotruck',0,0,0,'',28,1,0,'1','','2012-03-01',0,0,'','','compra en plaza',NULL,NULL,70000,92437,NULL,'8400000004794','foto479.jpg','0'),(480,2,'4222000604','rep. bomba de agua caudal chico',0,0,0,'',28,1,0,'1','','2012-03-01',0,0,'','','compra en plaza',NULL,NULL,36450,45295,NULL,'8400000004800','foto480.jpg','0'),(481,2,'000091150','bomba elevadora  petroleo OM364',0,0,0,'',11,1,0,'1','','2012-03-01',0,0,'','','COMPRA EN PLAZA',NULL,NULL,30000,46218,NULL,'8400000004817','foto481.jpg','0'),(482,2,'8097298810','reparacion caja direccion ',0,0,0,'',30,2,1,'1','','2012-03-01',0,0,'','','compra en plaza',NULL,NULL,49000,75630,NULL,'8400000004824','foto482.jpg','0'),(483,2,'8095298808','reparacion caja direccion 8095',0,0,0,'',30,1,0,'1','','2012-03-01',0,0,'','','compra en plaza',NULL,NULL,68000,121849,NULL,'8400000004831','foto483.jpg','0'),(484,2,'283281','termostato 71º scania 112 platillo',0,0,0,'',0,3,1,'1','','2012-03-01',0,0,'','','compra en plaza',NULL,NULL,7600,1756,NULL,'8400000004848','foto484.jpg','0'),(485,2,'6552410613','soporte motor delantero izquierdo 2631',0,0,0,'',32,1,0,'1','','2012-03-01',0,0,'','','compra en plaza',NULL,NULL,72000,88235,NULL,'8400000004855','foto485.jpg','0'),(486,2,'6552410713','soporte motor delantero derecho2631',0,0,0,'',32,1,0,'1','','2012-03-01',0,0,'','','compra en plaza',NULL,NULL,72000,88235,NULL,'8400000004862','foto486.jpg','0'),(487,2,'6202400717','soporte motor ',0,0,0,'',32,1,0,'1','','2012-03-01',0,0,'','','compra en plaza',NULL,NULL,59550,77311,NULL,'8400000004879','foto487.jpg','0'),(488,2,'146526','soporte motor delantero scania 111',0,0,0,'',32,2,1,'1','','2012-03-01',0,0,'','','compra en plaza',NULL,NULL,3900,7598,NULL,'8400000004886','foto488.jpg','0'),(489,2,'332738','soporte motor delan. scania 113-143',0,0,0,'',32,2,1,'1','','2012-03-01',0,0,'','','compra en plaza',NULL,NULL,5320,6639,NULL,'8400000004893','foto489.jpg','0'),(490,2,'3502407218','soporte motor trasero 18mm',0,0,0,'',32,2,1,'1','','2012-03-01',0,0,'','','compra en plaza',NULL,NULL,20400,29328,NULL,'8400000004909','foto490.jpg','0'),(491,2,'342833','rodamiento empuje scania',0,0,0,'',33,1,0,'1','','2012-03-01',0,0,'','','compra en plaza',NULL,NULL,36000,56303,NULL,'8400000004916','foto491.jpg','0'),(492,2,'TJG199381','soporte motor trasero ford cargo',0,0,0,'',33,2,1,'1','','2012-03-01',0,0,'','','compra en plaza',NULL,NULL,7200,10084,NULL,'8400000004923','foto492.jpg','0'),(493,2,'6552400118','soprte motor trasero 2631',0,0,0,'',33,1,0,'1','','2012-03-01',0,0,'','','compra en plaza',NULL,NULL,55126,63025,NULL,'8400000004930','foto493.jpg','0'),(494,2,'6682420013','soporte motor trasero 809',0,0,0,'',33,2,1,'1','','2012-03-01',0,0,'','','compra en plaza',NULL,NULL,8700,13361,NULL,'8400000004947','foto494.jpg','0'),(495,2,'6502540006','pasador horquilla embrague 2631',0,0,0,'',34,1,0,'1','','2012-03-01',0,0,'','','compra en plaza',NULL,NULL,39000,49244,NULL,'8400000004954','foto495.jpg','0'),(496,2,'0002520346','kit desembrague mercedez',0,0,0,'',34,1,0,'1','','2012-03-01',0,0,'','','compra en plaza',NULL,NULL,19000,29412,NULL,'8400000004961','foto496.jpg','0'),(497,2,'0022504115','rodamiento embrague actros alto',0,0,0,'',34,1,0,'1','','2012-03-01',0,0,'','','compra en plaza',NULL,NULL,49343,82353,NULL,'8400000004978','foto497.jpg','0'),(498,2,'0012509915','rodamiento embrague OH 1418 electronico',0,0,0,'',34,1,0,'1','','2012-03-01',0,0,'','','compra en plaza',NULL,NULL,10009,41092,NULL,'8400000004985','foto498.jpg','0'),(499,2,'342832','rodamiento embrague bajo scania 112',0,0,0,'',34,1,0,'1','','2012-03-01',0,0,'','','compra en plaza',NULL,NULL,41896,57899,NULL,'8400000004992','foto499.jpg','0'),(500,2,'4.61932','horquilla embrague sola actros',0,0,0,'',34,2,1,'1','','2012-03-01',0,0,'','','compra en plaza',NULL,NULL,41250,66302,NULL,'8400000005005','foto500.jpg','0'),(501,2,'6502503813','horquilla embrague sk  2631',0,0,0,'',35,1,0,'1','','2012-03-01',0,0,'','','compra en plaza',NULL,NULL,66240,96639,NULL,'8400000005012','foto501.jpg','0'),(502,2,'0002953935','FLEXIBLE EMBRAGUE ACTROS',0,0,0,'',35,1,0,'1','','2012-03-01',0,0,'','','COMPRA EN PLAZA',NULL,NULL,39600,58655,NULL,'8400000005029','foto502.jpg','0'),(503,2,'550540','juego empaquetadura GR801',0,0,0,'',36,4,1,'1','','2012-03-01',0,0,'','','COMPRA EN PLAZA',NULL,NULL,5900,9244,0,'8400000005036','foto503.jpg','0'),(504,2,'593532','empaq. caja cambio scania 860-870-871',0,0,0,'',36,1,0,'1','','2012-03-01',0,0,'','','compra en plaza',NULL,NULL,4998,10840,NULL,'8400000005043','foto504.jpg','0'),(505,2,'0002641976','golilla salida de caja 2 perforaciones 16S130',0,0,0,'',37,2,1,'1','','2012-03-01',0,0,'','','compra en plaza',NULL,NULL,8600,16723,NULL,'8400000005050','foto505.jpg','0'),(506,2,'1321420','cilindro gama scania serie4 ',0,0,0,'',37,1,0,'1','','2012-03-01',0,0,'','','compra en plaza',NULL,NULL,19000,32689,NULL,'8400000005067','foto506.jpg','0'),(507,2,'3463561415','pista maza trasera actros 115x145',0,0,0,'',47,6,1,'1','','2012-03-02',0,0,'','','compra en plaza',NULL,NULL,9800,15966,NULL,'8400000005074','foto507.jpg','0'),(508,2,'9412412813','soporte motor delantero actros ',0,0,0,'',32,4,1,'1','','2012-03-02',0,0,'','','compra en plaza',NULL,NULL,51544,71429,0,'8400000005081','foto508.jpg','0'),(509,2,'0002604763','cilindro caja cambio GV',0,0,0,'',126,1,0,'1','','2012-03-02',0,0,'','','compra en plaza',NULL,NULL,20468,46218,0,'8400000005098','foto509.jpg','0'),(510,2,'5432204R','rodamiento cardan ford cargo 60mm',0,0,0,'',57,6,1,'1','','2012-03-02',0,0,'','','compra en plaza',NULL,NULL,13140,20840,NULL,'8400000005104','foto510.jpg','0'),(511,2,'6934317905','valvula pedalera 914',0,0,0,'',128,1,0,'1','','2012-03-02',0,0,'','','compra en plaza',NULL,NULL,18850,37815,NULL,'8400000005111','foto511.jpg','0'),(512,2,'5548653','cruceta cardan 60x163 volvo-mercedez',0,0,0,'',53,2,1,'1','','2012-03-02',0,0,'','','compra en plaza',NULL,NULL,29400,44454,0,'8400000005128','foto512.jpg','0'),(513,2,'103022','valv.distribuidora.con.emergencia salida 16mm',0,0,0,'',129,1,0,'1','','2012-03-02',0,0,'','','compra en plaza',NULL,NULL,28500,54622,0,'8400000005135','foto513.jpg','0'),(514,2,'0004343801','valvula freno motor corta',0,0,0,'',138,4,1,'1','','2012-03-02',0,0,'','','compra en plaza',NULL,NULL,5300,10840,NULL,'8400000005142','foto514.jpg','0'),(515,2,'0139977247','reten salida caja cambio aceitero 95x115x113',0,0,0,'',37,2,1,'1','','2012-03-02',0,0,'','','compra en plaza',NULL,NULL,5280,10840,NULL,'8400000005159','foto515.jpg','0'),(516,2,'0079972247','reten entrada caja cambio G155 55X75X8',0,0,0,'',37,8,2,'1','','2012-03-02',0,0,'','','COMPRA EN PLAZA\r\n26592',NULL,NULL,3200,7983,NULL,'8400000005166','foto516.jpg','0'),(517,2,'3892600690','bomba aceite caja cambio G-210-240',0,16,0,'',38,2,1,'1','','2012-03-02',0,0,'','','compra en plaza',NULL,NULL,87000,142017,NULL,'8400000005173','foto517.jpg','0'),(518,2,'10513012','reten salida caja de cambio ',0,0,0,'',38,4,2,'1','','2012-03-02',0,0,'','','compra en plaza',NULL,NULL,4800,8067,NULL,'8400000005180','foto518.jpg','0'),(519,2,'0002670697','reparacion cilindro alta y baja 16S',0,4,0,'',38,2,1,'1','','2012-03-02',0,0,'','','compra en plaza\r\n13475',NULL,NULL,16900,29412,NULL,'8400000005197','foto519.jpg','0'),(520,2,'0149973647','reten de piston alta y baja G155-240',0,1,0,'',38,4,1,'1','','2012-03-02',0,0,'','','compra en plaza',NULL,NULL,7000,22605,NULL,'8400000005203','foto520.jpg','0'),(521,2,'271561','rep. bomba direccion volvo f10-fh',0,0,0,'',38,1,0,'1','','2012-03-02',0,0,'','','compra en plaza',NULL,NULL,12000,26891,NULL,'8400000005210','foto521.jpg','0'),(522,2,'1295306132','taco bronce horqulla sS690 ',0,0,0,'',38,2,1,'1','','2012-03-02',0,0,'','','compra en plaza',NULL,NULL,2500,4370,NULL,'8400000005227','foto522.jpg','0'),(523,2,'9511513','reten salida caja cambio 16 S 130 95x115x13',0,0,0,'',38,3,1,'1','','2012-03-02',0,0,'','','compra en plaza',NULL,NULL,6825,11681,NULL,'8400000005234','foto523.jpg','0'),(524,2,'8510513','reten salida caja cambio S680 85x105x13',0,0,0,'',38,5,2,'1','','2012-03-02',0,0,'','','compra en plaza',NULL,NULL,4500,7480,NULL,'8400000005241','foto524.jpg','0'),(525,2,'9452620434','cono sincronizador G240',0,0,0,'',39,2,1,'1','','2012-03-02',0,0,'','','compra en plaza',NULL,NULL,81000,95294,NULL,'8400000005258','foto525.jpg','0'),(526,2,'1068946','cono sincrinozador planetario caja volvo 2014',0,0,0,'',39,1,0,'1','','2012-03-02',0,0,'','','compra en plaza',NULL,NULL,236800,336134,NULL,'8400000005265','foto526.jpg','0'),(527,2,'3762620002','eje piloto 17 dts 1318',0,0,0,'',39,1,0,'1','','2012-03-02',0,0,'','','compra en plaza \r\n26492',NULL,NULL,42800,59237,NULL,'8400000005272','foto527.jpg','0'),(528,2,'3892625634','cono sincronizador  ',0,0,0,'',39,1,0,'1','','2012-03-02',0,0,'','','compra en plaza',NULL,NULL,72700,81344,0,'8400000005289','foto528.jpg','0'),(529,2,'6202680097','guardapolvo palanca cambio',0,0,0,'',35,1,0,'1','','2012-03-02',0,0,'','','compra en plaza',NULL,NULL,15675,28361,NULL,'8400000005296','foto529.jpg','0'),(530,2,'9412680097','guardapolvo palanca cambio actros',0,0,0,'',35,1,0,'1','','2012-03-02',0,0,'','','compra en plaza',NULL,NULL,29550,46909,NULL,'8400000005302','foto530.jpg','0'),(531,2,'402','cilindro compresor 90mm refrigerado por agua ',0,0,0,'',19,1,0,'1','','2012-03-02',0,0,'','','compra en plaza ',NULL,NULL,27000,33445,NULL,'8400000005319','foto531.jpg','0'),(532,2,'0024314006','valvula protectora 4 circuitos t kanor15882',0,0,0,'',131,10,2,'1','','2012-03-03',0,0,'','','compra en plaza',NULL,NULL,8925,15882,NULL,'8400000005326','foto532.jpg','0'),(533,2,'300386','valvula 4 pernos volvo',0,0,0,'',140,2,1,'1','','2012-03-03',0,0,'','','compra en plaza',NULL,NULL,10798,32689,NULL,'8400000005333','foto533.jpg','0'),(534,2,'9418200541','foco intermitente actrps mp1',0,4,0,'',141,4,2,'1','','2012-03-03',0,0,'','','compra ewn plaza\r\n06022',NULL,NULL,4275,12521,0,'8400000005340','foto534.jpg','0'),(535,2,'4760927201','filtro racor psd490/1 scania serie 4',0,3,0,'',0,10,2,'1','','2012-03-03',0,0,'','','compra en plaza\r\n8006',NULL,NULL,3908,10000,NULL,'8400000005357','foto535.jpg','0');
/*!40000 ALTER TABLE `articulos` ENABLE KEYS */;
UNLOCK TABLES;

--
-- Table structure for table `artpro`
--

DROP TABLE IF EXISTS `artpro`;
SET @saved_cs_client     = @@character_set_client;
SET character_set_client = utf8;
CREATE TABLE `artpro` (
  `codarticulo` varchar(15) NOT NULL,
  `codfamilia` int(3) NOT NULL,
  `codproveedor` int(5) NOT NULL,
  `precio` float NOT NULL,
  PRIMARY KEY  (`codarticulo`,`codfamilia`,`codproveedor`)
) ENGINE=MyISAM DEFAULT CHARSET=utf8;
SET character_set_client = @saved_cs_client;

--
-- Dumping data for table `artpro`
--

LOCK TABLES `artpro` WRITE;
/*!40000 ALTER TABLE `artpro` DISABLE KEYS */;
/*!40000 ALTER TABLE `artpro` ENABLE KEYS */;
UNLOCK TABLES;

--
-- Table structure for table `clientes`
--

DROP TABLE IF EXISTS `clientes`;
SET @saved_cs_client     = @@character_set_client;
SET character_set_client = utf8;
CREATE TABLE `clientes` (
  `codcliente` int(5) NOT NULL auto_increment,
  `nombre` varchar(45) NOT NULL,
  `nif` varchar(12) NOT NULL,
  `direccion` varchar(50) NOT NULL,
  `codprovincia` int(2) NOT NULL default '0',
  `localidad` varchar(35) NOT NULL,
  `codformapago` int(2) NOT NULL default '0',
  `codentidad` int(2) NOT NULL default '0',
  `cuentabancaria` varchar(20) NOT NULL,
  `codpostal` varchar(30) NOT NULL,
  `telefono` varchar(14) NOT NULL,
  `movil` varchar(14) NOT NULL,
  `email` varchar(35) NOT NULL,
  `web` varchar(45) NOT NULL,
  `borrado` varchar(1) NOT NULL default '0',
  PRIMARY KEY  (`codcliente`)
) ENGINE=MyISAM AUTO_INCREMENT=112 DEFAULT CHARSET=utf8 COMMENT='Clientes';
SET character_set_client = @saved_cs_client;

--
-- Dumping data for table `clientes`
--

LOCK TABLES `clientes` WRITE;
/*!40000 ALTER TABLE `clientes` DISABLE KEYS */;
INSERT INTO `clientes` VALUES (1,'ggg','gg','',0,'',0,0,'','','','','','','1'),(2,'pablo san martin cid','15.953.827-3','doctor cossio 490',0,'los angeles',0,0,'','vende','88075107','jormat','pablojormat@hotmail.com','','0'),(3,'transportes m paredes ltda','76.647.590-6','haras la montaña 87',9,'los angeles',0,0,'','transporte','','','','','0'),(4,'edgardo romero illanes','11.961.968-8','miraflores 157',9,'los angeles',0,0,'','transporte','','','','','0'),(5,'patricia reyes solar','7.210.240-1','el huerton sitio 14',9,'los angeles',0,0,'','transporte','','','','','0'),(6,'transportes huepil s. a .','76.667.560-3','avenida yungay 786',9,'huepil',0,0,'','transporte','','','','','0'),(7,'jose medina rios','9.913.346-5','las toscas 780',9,'coronel',0,0,'','transporte','90012593','2753169','','','0'),(8,'el bosque s.a.','96.686.280-7','lote 2 b quinta nancahua',9,'los angeles',0,0,'','servicios forestales','401154','','','','0'),(9,'forestal y agricola terrabosques ltda','76.050.797-0','camino antuco km 2,1',9,'los angeles',0,0,'','servicios forestales','','','','','0'),(10,'marcelo muños caro','12.153.546-7','los tilos 2467',9,'angol',0,0,'','transporte','95998376','','','','0'),(11,'trasportes basualto ltda','79.720.410-2','ricardo vicuña 153',9,'los angeles',0,0,'','transportes','','','','','0'),(12,'jose ortega soto','5.678.048-3','martinez de rosa 362',9,'cabrero',0,0,'','transportes','','','','','0'),(13,'santa maria nacimiento ltda','76.239.340-9','avenida sorvicenta 2325',9,'los angeles',0,0,'','transportes','','','','','0'),(14,'servicios generales larenas ltda','76.086.871-k','camino san antonio km 1,5',9,'los angeles',0,0,'','arriendo de maquinaria','','','','','0'),(15,'agricola y forestal las astas s.a.','76.667.500-k','avenida yungay 786',9,'huepil',0,0,'','agricola','','','','','0'),(16,'gerard schazemberg c.','15.226.311-2','parcela lote 2 agua tendida',10,'puren',0,0,'','traqnsporte','','','','','0'),(17,'giacanter ltda','76.063.836-6','los trigales 2129',10,'puren',0,0,'','transportes','','','','','0'),(18,'jaiser chile ltda','76.239.340-9','avenida sorvicenta 2325',9,'los angeles',0,0,'','aseo industrial','','','','','0'),(19,'itiel alvarez cutiño','11.416.296-5','villa sur sitio pocoa poco',9,'los angeles',0,0,'','transportes','','','','','0'),(20,'manuel bravo castro','10.412.491-7','valdivia 422',9,'laja',0,0,'','transportes','','','','','0'),(21,'elvis obreque saavedra','10.927.481-k','santa rosa norte km 1 san jose mariquina',12,'san jose de la mariquina',0,0,'','transportes','','','','','0'),(22,'jose jaime garrido mardones','6.477.218-k','amunategi 580',10,'puren',0,0,'','compra venta maderas y transpo','','','','','0'),(23,'forestal santa carolina ltda','78.603.360-8','bulnes 770',9,'los angeles',0,0,'','transportes','','','','','0'),(24,'luis velozo anabalon','5.517.404-0','villagran 164',9,'los angeles',0,0,'','transportes','','','','','0'),(25,'gabriel cabrera gonzales','11.420.186-3','villa sur sitio nº5',0,'los angeles',0,0,'','transportes','','','','','0'),(26,'jaqueline cofre munita ','8.998.761-k','avenida prat 511',9,'coihueco',0,0,'','transportes','','','','','0'),(27,'transportes y forestal margarita herrera eirl','76.063.954-0','ruta 8 sur km 588',10,'ercilla ',0,0,'','servicios forestales y servici','','','','','0'),(28,'juan solis merino ','7.960.776-2','villagran 955',9,'los angeles',0,0,'','taller','','','','','0'),(29,'soc. mariano paredes ltda','78.446.310-9','parcela el castillo la isla',9,'los angeles',0,0,'','aridos','','','','','0'),(30,'transportes morales y ruiz ','79.894.360-k','ricardo vicuña 155',9,'los angeles',0,0,'','transportes ','','','basualto3@gmail.com','','0'),(31,'luis parada lara ','10.900.665-3','avenida padre hurtado 440',9,'los angeles',0,0,'','transporte y comercio','','','','','0'),(32,'mario vejar pacheco ','10.036.363-1','cobadonga 346',9,'los angeles',0,0,'','transportes','','','','','0'),(33,'sociedad dakota ltda','76.753.150-8','carrera 855',9,'santa barbara',0,0,'','transportes','','','','','0'),(34,'biomasa chile s.a. ','76.368.230-7','camino nacimiento km 9',9,'los angeles',0,0,'','produccion de biomasa','','','','','0'),(35,'maria teresa browne urrejola','10.329.628-5','juan antonio coloma 202',9,'los angeles',0,0,'','transportes','','','','','0'),(36,'willibaldo diaz vilchez ','9.696.349-1','los carrera 212',9,'los angeles',0,0,'','transportes','','','','','0'),(37,'valle verde ltda','76.020.408-0','el maiten lote a 1',9,'los angeles',0,0,'','transportes','','','','','0'),(38,'transportes camila ltda','77.977.360-4','avenida sorvicenta 1538',9,'los angeles',0,0,'','transportes','','','','','0'),(39,'truck center ltda','76.117.747-8','ruta q 180 km 17.5',9,'los angeles',0,0,'','servicios','','','','','0'),(40,'pedro cabezas salazar','6.206.735-7','los angeles marcella 2190',9,'los angeles',0,0,'','transportes','','','','','0'),(41,'cecilia gonzalez caceres','10.046.721-6','los agustinos 1771',10,'temoco',0,0,'','transporte de carga','','','','','0'),(42,'pezoa y cia ltda','78.439.810-2','long. sur km 511',9,'los angeles ',0,0,'','estacion de servicios','','','','','0'),(43,'jorge antonio rivas ','9.537.291-0','dson victor 1355',9,'los angeles',0,0,'','transportes','','','','','0'),(44,'hernaldo astudillo salaz ','8.187.206-6','lautaro 357',10,'cañete',0,0,'','transportes y servicios forest','','','','','0'),(45,'elias concha transportes','76.018.313-k','esmeralda 897',9,'los angeles',0,0,'','transportes','75183977','','','','0'),(46,'transportes gutierres gutierres ltda','76.061.626-5','hijuela el pino s/n',9,'cabrero',0,0,'','transportes','','','','','0'),(47,'jose arevalo mora ','14.022.540-1','ohiggins 331',10,'longavi',0,0,'','transportes','','','','','0'),(48,'alejandro vidal schel','14.469.807-k','quiroda 281',10,'puren',0,0,'','transportes','','','','','0'),(49,'soc.  transportes crisma rc ltda','76.096.594-4','pasaje jorge montt 1360',10,'angol',0,0,'','transportes','','','','','0'),(50,'soc.transportes lopez escobar ','77.636.940-3','baquedano 110',9,'laja',0,0,'','transportes','','','','','0'),(51,'carola cid erices ','13.807.268-1','imperial 240',10,'puren',0,0,'','transportes','','','','','0'),(52,'jose melo melo','5.350.842-1','freire 544',9,'santa barbara',0,0,'','transportes','','','','','0'),(53,'jose silva rioseco','8.033.911-9','ave.federico puga 1312',9,'santa barbara',0,0,'','transportes','','','','','0'),(54,'transfor ltda','76.356.550-5','ruta  q 180 km 17.5',9,'los angeles',0,0,'','transportes','','','','','0'),(55,'kruse s.a. ','96.605.870-6','los carreras 883',9,'los angeles ',0,0,'','transportes','','','','','0'),(56,'serfocar ltda','76.666.240-4','long. sur km 511',9,'los angeles',0,0,'','cosecha y carguio forestal','','','','','0'),(57,'susana rivas cid','10.779.048-9','tolten 155',10,'angol',0,0,'','compra y venta de maderas','','','','','0'),(58,'rodrigo medina viveros ','6.273.220-2','san diego 451',9,'tucapel',0,0,'','transportes','','','','','0'),(59,'karina prando rivas y cia ltda','77.883.640-8','anibal pinto 87',9,'cabrero',0,0,'','transporte de carga y arriendo','','','','','0'),(60,'boris muñoz contreras ','12.551.095-7','ercilla 233 los sauses',10,'los sauces',0,0,'','transportes','','','','','0'),(61,'jose muños alrcon ','14.507.378-2','sargento aldea 698',10,'los sauces',0,0,'','transportes','','','','','0'),(62,'fernando arriagada osses','3.818.305-2','camilo henrriquez 565',9,'los angeles',0,0,'','transportes','','','','','0'),(63,'transportes parra e hijo ltda','76.690.960-4','camino san antonio km 0,7',9,'los angeles',0,0,'','transportes','','','','','0'),(64,'insermaq ltda','76.075.682-2','avenida las industrias km 500',9,'los angeles',0,0,'','arriendo de maquinarias','','','','','0'),(65,'roberto cabeza estrada','8.995.593-9','isrrael roa villagra nº 302',10,'angol',0,0,'','transporte y servicio de grua','','','','','0'),(66,'carlos fiebig gandulfo','16.675.467-4','balmaceda 421',9,'los angeles',0,0,'','transportes','','','','','0'),(67,'parra e hijo y cia ltda','77.028.370-1','camino san antonio km 0,7',9,'los angeles',0,0,'','transportes','','','','','0'),(68,'agroforestal san jose ltda','78.129.570-1','lautaro 1114',10,'collipulli',0,0,'','agricola','','','','','0'),(69,'armando riquelme martinez ','4.074.331-6','km 4 ruta q 90',9,'laja',0,0,'','transportes','','','','','0'),(70,'importadora mer-ben ltda','86.025.900-1','tucapel 1465',9,'concepcion',0,0,'','importaciones,repuestos,acceso','','','','','0'),(71,'sergio gandulfo eguiluz','3.568.012-8','avenida alemania 684 -g',9,'los angeles',0,0,'','transportes','','','','','0'),(72,'german maucier labraña ','7.498.681-1','pedro aguirres cerda 0312',10,'angol',0,0,'','transportes','','','','','0'),(73,'cotal ltda','79.552.080-5','camino a coronel km 10',9,'coronel',0,0,'','transporte','','','','','0'),(74,'transportes derby e.i.r.l.','76.338.450-0','libertad 686',9,'los angeles',0,0,'','transporte','','','','','0'),(75,'jessica rojas venegas e.i.r.l.','76.161.509-2','almirante la torre 457',9,'los angeles',0,0,'','transporte','','','','','0'),(76,'empresa de carguio basualto','76.295.130-4','villagran 154',9,'los angeles',0,0,'','carga y descarga de madera','','','','','0'),(77,'hector vejar figueroa','76.131.431-9','santiago barrera 325',9,'los angeles',0,0,'','transporte','','','','','0'),(78,'elzon muños paredes','10.857.890-4','camino renaico 029',10,'angol',0,0,'','maestranza','','','','','0'),(79,'forestal mbm ltda','77.613.470-8','avenida las industrias 1800',9,'los angeles',0,0,'','comercializadora de madera','','','','','0'),(80,'jose zapata mora ','11.780.599-9','sierra nevada 193',9,'angol',0,0,'','transporte','','','','','0'),(81,'german flores pinto ','8.034.771-5','madrid 776',10,'angol',0,0,'','transporte','','','','','0'),(82,'trasnportes assa ltda','76.873.940-4','cerro china 1334',9,'los angeles',0,0,'','transporte','','','','','0'),(83,'transportes perez jorquera ltda','76.795.400-k','santa rosa 063',9,'antuco',0,0,'','transporte','','','','','0'),(84,'soc. transportes roa ','77.575.660-8','mateo toro zambrano 844',9,'los angeles',0,0,'','servicios y transporte','','','','','0'),(85,'oscar valenzuela puentes ','8.586.707-5','las camelis 900 ',9,'nacimiento',0,0,'','transporte de carga x carreter','','','','','0'),(86,'soc. transportes medina ltda','76.262.970-4','percela 15 lote 2b el sause ',9,'negrete',0,0,'','transporte y servicios','','','','','0'),(87,'transportes jose flores leiton e.i.r.l','76.047.535-1','carlos smilin 678',10,'puren',0,0,'','transporte','','','','','0'),(88,'soc. transportes antares ltda','76.170.580-6','avenida los rios 801',9,'laja',0,0,'','transporte','','','','','0'),(89,'dagoberto alfonzo bustamente g.','11.988.025-4','poblacion el fortin los maitenes 1144',10,'puren',0,0,'','transporte','','','','','0'),(90,'fernando arriagada villa ','9.311.837-5','los ceresos 857',9,'los angeles',0,0,'','transporte','','','','','0'),(91,'transportes avendaño e.i.r.l','76.094.934-5','avenida sorvicenta 1538',9,'los angeles',0,0,'','transporte','','','','','0'),(92,'jorge daniel sandoval gonzalez','8.830.276-1','talcahuano 310',9,'tucapel',0,0,'','transporte','','','','','0'),(93,'pezoa y gallegos ltda','79.853.450-5','long. sur km 511',9,'los angeles ',0,0,'','transporte','','','','','0'),(94,'soc. lagazzi albares limitada','76.888.430-7','av. las industrias 7215',9,'los angeles',0,0,'','transporte','','','','','0'),(95,'transportes morales y morales ltda','78.654.550-1','baquedano 508',9,'nacimiento',0,0,'','transporte','','','','','0'),(96,'marta moncada sanhueza trans.y servicios eirl','76.172.197-6','lote 1a el olivo',9,'los angeles',0,0,'','transporte','','','','','0'),(97,'forestal san antonio eirl','76.092.737-6','hijuela macundo de cual lote b',9,'los angeles',0,0,'','forestal','','','','','0'),(98,'trans.ismael fuentalba eirl','76.048.492-k','cataluña 0430',9,'los angeles',0,0,'','transporte','','','','','0'),(99,'daniel roja beltran ','8.918.488-6','balmaceda 421',9,'los angeles',0,0,'','transporte','','','','','0'),(100,'fraddy delgado eirl','76.142.778-4','esparta 1394 villa grecia',9,'los angeles',0,0,'','taller mecanico','','','','','0'),(101,'rodrigo albarez pincheira ','14.298.864-k','orompello 1094',9,'los angeles',0,0,'','transporte','','','','','0'),(102,'adrian flores gatica ','16.966.985-6','nahuelco 1385',10,'puren',0,0,'','servicio y transporte','','','','','0'),(103,'ruben cabrera gonzalez ','10.636.596-2','villa sur sitio 4',9,'los angeles',0,0,'','transporte','','','','','0'),(104,'margarita avendaño castillo','8.849.195-5','camino maria dolores km 6',9,'los angeles',0,0,'','transporte','','','','','0'),(105,'boris castro quintana ','13.385.235-2','avenida los rios 801',9,'laja',0,0,'','transporte','','','','','0'),(106,'andres pujin jara ','7.962.742-9','camino cañete callucupil km 400',10,'cañete',0,0,'','taler y maestranza','','','','','0'),(107,'transportes cele ltda','76.101.710-1','macedonia 1398 villa grecia',9,'los angeles',0,0,'','transporte','','','','','0'),(108,'ambrosio cuevas jara','10.897.274-2','pantoja 1245',9,'mulchen',0,0,'','transporte','','','','','0'),(109,'transportes guevara ltda','76.157.218-0','alberto krumer 405',15,'buin',0,0,'','transporte','','','','','0'),(110,'sociedad pezoa y gallegos ltda','79.853.450-5','long. sur km. 511',9,'los angeles',0,0,'','transporte','','','','','0'),(111,'errol flies transporte compañia ltda','78.947.560-1','av. el bosque 531',15,'SANTIAGO',0,0,'','transporte','94992016','','','','0');
/*!40000 ALTER TABLE `clientes` ENABLE KEYS */;
UNLOCK TABLES;

--
-- Table structure for table `cobros`
--

DROP TABLE IF EXISTS `cobros`;
SET @saved_cs_client     = @@character_set_client;
SET character_set_client = utf8;
CREATE TABLE `cobros` (
  `id` int(11) NOT NULL auto_increment,
  `codfactura` int(11) NOT NULL,
  `codcliente` int(5) NOT NULL,
  `importe` int(11) default NULL,
  `codformapago` int(2) NOT NULL,
  `numdocumento` varchar(30) NOT NULL,
  `fechacobro` date NOT NULL default '0000-00-00',
  `observaciones` text NOT NULL,
  PRIMARY KEY  (`id`)
) ENGINE=MyISAM AUTO_INCREMENT=7 DEFAULT CHARSET=utf8 COMMENT='Cobros de facturas a clientes';
SET character_set_client = @saved_cs_client;

--
-- Dumping data for table `cobros`
--

LOCK TABLES `cobros` WRITE;
/*!40000 ALTER TABLE `cobros` DISABLE KEYS */;
INSERT INTO `cobros` VALUES (1,1,2,71400,0,'','2011-11-24',''),(2,2,2,15000,1,'','2011-11-24','ghddfddfg'),(3,2,2,208,2,'','2011-11-24','euihiihih'),(4,3,2,81300,3,'','2011-12-01',''),(5,5,68,169999,1,'','2011-12-12',''),(6,6,2,84999,1,'','2011-12-12','');
/*!40000 ALTER TABLE `cobros` ENABLE KEYS */;
UNLOCK TABLES;

--
-- Table structure for table `embalajes`
--

DROP TABLE IF EXISTS `embalajes`;
SET @saved_cs_client     = @@character_set_client;
SET character_set_client = utf8;
CREATE TABLE `embalajes` (
  `codembalaje` int(3) NOT NULL auto_increment,
  `nombre` varchar(30) default NULL,
  `borrado` varchar(1) NOT NULL default '0',
  PRIMARY KEY  (`codembalaje`)
) ENGINE=MyISAM DEFAULT CHARSET=utf8 COMMENT='Embalajes';
SET character_set_client = @saved_cs_client;

--
-- Dumping data for table `embalajes`
--

LOCK TABLES `embalajes` WRITE;
/*!40000 ALTER TABLE `embalajes` DISABLE KEYS */;
/*!40000 ALTER TABLE `embalajes` ENABLE KEYS */;
UNLOCK TABLES;

--
-- Table structure for table `entidades`
--

DROP TABLE IF EXISTS `entidades`;
SET @saved_cs_client     = @@character_set_client;
SET character_set_client = utf8;
CREATE TABLE `entidades` (
  `codentidad` int(2) NOT NULL auto_increment,
  `nombreentidad` varchar(50) NOT NULL,
  `borrado` varchar(1) NOT NULL default '0',
  PRIMARY KEY  (`codentidad`)
) ENGINE=MyISAM DEFAULT CHARSET=utf8 COMMENT='Entidades Bancarias';
SET character_set_client = @saved_cs_client;

--
-- Dumping data for table `entidades`
--

LOCK TABLES `entidades` WRITE;
/*!40000 ALTER TABLE `entidades` DISABLE KEYS */;
/*!40000 ALTER TABLE `entidades` ENABLE KEYS */;
UNLOCK TABLES;

--
-- Table structure for table `factulinea`
--

DROP TABLE IF EXISTS `factulinea`;
SET @saved_cs_client     = @@character_set_client;
SET character_set_client = utf8;
CREATE TABLE `factulinea` (
  `codfactura` int(11) NOT NULL,
  `numlinea` int(4) NOT NULL auto_increment,
  `codfamilia` int(3) NOT NULL,
  `codigo` varchar(15) NOT NULL,
  `cantidad` int(11) default NULL,
  `precio` int(11) default NULL,
  `importe` int(11) default NULL,
  `dcto` tinyint(4) NOT NULL,
  PRIMARY KEY  (`codfactura`,`numlinea`)
) ENGINE=MyISAM DEFAULT CHARSET=utf8 COMMENT='lineas de facturas a clientes';
SET character_set_client = @saved_cs_client;

--
-- Dumping data for table `factulinea`
--

LOCK TABLES `factulinea` WRITE;
/*!40000 ALTER TABLE `factulinea` DISABLE KEYS */;
INSERT INTO `factulinea` VALUES (1,1,1,'55',1,60000,60000,0),(2,1,1,'65',1,14200,12780,10),(3,1,1,'109',1,8319,8319,0),(3,2,1,'55',1,60000,60000,0),(4,1,1,'185',1,71428,71428,0),(5,1,1,'185',1,71428,71428,0),(5,2,1,'185',1,71428,71428,0),(6,1,1,'185',1,71428,71428,0),(4,2,1,'201',1,18000,18000,0),(4,3,1,'141',1,8319,8319,0),(4,4,1,'141',1,8319,8319,0),(4,5,1,'141',1,8319,8319,0),(4,6,1,'141',1,8319,8319,0),(7,1,1,'53',1,71000,71000,0),(7,2,1,'275',1,22689,22689,0),(7,3,1,'275',1,22689,22689,0),(8,1,1,'275',1,22689,22689,0),(8,2,1,'256',1,36975,36975,0),(8,3,1,'275',1,22689,22689,0),(8,4,1,'275',1,22689,22689,0),(9,1,1,'53',1,71000,71000,0),(9,2,1,'256',1,36975,36975,0),(9,3,1,'275',1,22689,22689,0),(9,4,1,'287',1,22605,22605,0),(9,5,1,'288',1,15882,15882,0),(9,6,1,'287',1,22605,22605,0),(9,7,1,'288',1,15882,15882,0),(9,8,1,'287',1,22605,22605,0),(9,9,1,'287',1,22605,22605,0),(9,10,1,'287',1,22605,22605,0),(9,11,1,'256',1,36975,36975,0);
/*!40000 ALTER TABLE `factulinea` ENABLE KEYS */;
UNLOCK TABLES;

--
-- Table structure for table `factulineap`
--

DROP TABLE IF EXISTS `factulineap`;
SET @saved_cs_client     = @@character_set_client;
SET character_set_client = utf8;
CREATE TABLE `factulineap` (
  `codfactura` varchar(20) NOT NULL default '',
  `codproveedor` int(5) NOT NULL,
  `numlinea` int(4) NOT NULL auto_increment,
  `codfamilia` int(3) NOT NULL,
  `codigo` varchar(15) NOT NULL,
  `cantidad` int(11) default NULL,
  `precio` int(11) default NULL,
  `importe` int(11) default NULL,
  `dcto` tinyint(4) NOT NULL,
  PRIMARY KEY  (`codfactura`,`codproveedor`,`numlinea`)
) ENGINE=MyISAM DEFAULT CHARSET=utf8 COMMENT='lineas de facturas de proveedores';
SET character_set_client = @saved_cs_client;

--
-- Dumping data for table `factulineap`
--

LOCK TABLES `factulineap` WRITE;
/*!40000 ALTER TABLE `factulineap` DISABLE KEYS */;
/*!40000 ALTER TABLE `factulineap` ENABLE KEYS */;
UNLOCK TABLES;

--
-- Table structure for table `factulineaptmp`
--

DROP TABLE IF EXISTS `factulineaptmp`;
SET @saved_cs_client     = @@character_set_client;
SET character_set_client = utf8;
CREATE TABLE `factulineaptmp` (
  `codfactura` int(11) NOT NULL,
  `numlinea` int(4) NOT NULL auto_increment,
  `codfamilia` int(3) NOT NULL,
  `codigo` varchar(15) NOT NULL,
  `cantidad` int(11) default NULL,
  `precio` int(11) default NULL,
  `importe` int(11) default NULL,
  `dcto` tinyint(4) NOT NULL,
  PRIMARY KEY  (`codfactura`,`numlinea`)
) ENGINE=MyISAM DEFAULT CHARSET=utf8 COMMENT='lineas de facturas de proveedores temporal';
SET character_set_client = @saved_cs_client;

--
-- Dumping data for table `factulineaptmp`
--

LOCK TABLES `factulineaptmp` WRITE;
/*!40000 ALTER TABLE `factulineaptmp` DISABLE KEYS */;
/*!40000 ALTER TABLE `factulineaptmp` ENABLE KEYS */;
UNLOCK TABLES;

--
-- Table structure for table `factulineatmp`
--

DROP TABLE IF EXISTS `factulineatmp`;
SET @saved_cs_client     = @@character_set_client;
SET character_set_client = utf8;
CREATE TABLE `factulineatmp` (
  `codfactura` int(11) NOT NULL,
  `numlinea` int(4) NOT NULL auto_increment,
  `codfamilia` int(3) NOT NULL,
  `codigo` varchar(15) NOT NULL,
  `cantidad` int(11) default NULL,
  `precio` int(11) default NULL,
  `importe` int(11) default NULL,
  `dcto` tinyint(4) NOT NULL,
  PRIMARY KEY  (`codfactura`,`numlinea`)
) ENGINE=MyISAM DEFAULT CHARSET=utf8 COMMENT='Temporal de linea de facturas a clientes';
SET character_set_client = @saved_cs_client;

--
-- Dumping data for table `factulineatmp`
--

LOCK TABLES `factulineatmp` WRITE;
/*!40000 ALTER TABLE `factulineatmp` DISABLE KEYS */;
INSERT INTO `factulineatmp` VALUES (4,1,1,'1',1,4622,4622,0),(5,1,1,'2',1,51547,51547,0),(11,1,1,'1',1,5500,5500,0),(8,1,1,'17',1,71428,71428,0),(18,1,1,'85',1,8400,6720,20),(19,1,1,'85',1,8400,8400,0),(20,1,1,'85',1,8400,7392,12),(22,1,1,'32',1,26890,26890,0),(24,1,1,'23',1,210000,210000,0),(26,1,1,'85',1,8400,8400,0),(28,1,1,'130',1,116806,116806,0),(33,1,1,'10',1,35294,35294,0),(29,2,1,'129',1,75630,75630,0),(38,1,1,'63',1,25000,25000,0),(39,1,1,'5',1,13025,13025,0),(42,1,1,'158',1,11260,11260,0),(42,2,1,'159',1,8319,8319,0),(42,3,1,'160',1,8320,8320,0),(43,1,1,'158',1,11260,11260,0),(43,2,1,'159',1,8319,8319,0),(43,3,1,'161',1,23529,23529,0),(57,1,1,'111',1,14163,14163,0),(61,1,1,'55',1,60000,60000,0),(64,1,1,'65',1,14200,12780,10),(69,1,1,'63',1,25000,25000,0),(72,1,1,'31',1,192437,192437,0),(73,1,1,'2',1,51547,51547,0),(73,2,1,'2',1,51547,51547,0),(74,1,1,'2',1,51547,51547,0),(76,3,1,'30',1,9244,9244,0),(76,2,1,'42',1,98000,98000,0),(78,1,1,'21',1,110836,110836,0),(79,1,1,'22',1,81848,81848,0),(81,1,1,'21',1,110836,110836,0),(82,1,1,'22',1,81848,81848,0),(86,1,1,'1',1,5500,5500,0),(90,1,1,'63',1,25000,25000,0),(95,1,1,'53',1,71000,71000,0),(95,2,1,'32',1,26890,26890,0),(97,1,1,'1',1,5500,5500,0),(99,1,1,'47',1,46218,46218,0),(101,1,1,'117',1,13835,13835,0),(102,1,1,'115',1,10900,10900,0),(103,1,1,'117',1,13835,13835,0),(106,1,1,'187',1,5462,5462,0),(107,1,1,'10',1,35294,35294,0),(109,1,1,'187',1,5462,5462,0),(110,1,1,'22',1,81848,81848,0),(111,1,1,'21',1,110836,110836,0),(113,1,1,'22',1,58823,58823,0),(114,1,1,'21',1,77311,77311,0),(115,1,1,'21',1,77311,77311,0),(118,1,1,'109',1,8319,8319,0),(118,2,1,'55',1,60000,60000,0),(120,1,1,'67',1,11764,11764,0),(122,1,1,'208',1,21848,21848,0),(124,1,1,'87',1,11764,11764,0),(126,1,1,'95',1,11764,11764,0),(128,1,1,'45',1,11764,11764,0),(129,1,1,'45',1,11764,11764,0),(132,1,1,'5',1,13025,13025,0),(133,1,1,'70',1,165000,165000,0),(134,1,1,'96',1,12521,12521,0),(136,1,1,'65',1,14200,14200,0),(137,1,1,'5',1,13025,13025,0),(139,1,1,'61',1,100000,100000,0),(141,1,1,'47',1,46218,46218,0),(144,1,1,'20',1,84034,84034,0),(147,1,1,'184',1,69748,69748,0),(149,1,1,'65',1,12522,12522,0),(151,1,1,'5',1,14202,14202,0),(152,1,1,'65',1,12522,12522,0),(154,1,1,'203',1,43697,43697,0),(155,1,1,'185',1,71428,71428,0),(159,1,1,'185',1,71428,71428,0),(159,2,1,'185',1,71428,71428,0),(161,1,1,'185',1,71428,71428,0),(164,1,1,'231',1,14201,14201,0),(166,1,1,'53',1,71000,71000,0),(168,1,1,'106',1,117647,117647,0),(170,1,1,'175',1,18000,18000,0),(172,1,1,'37',1,151260,151260,0),(175,1,1,'234',1,95000,95000,0),(177,1,1,'1',1,5500,5500,0),(178,1,1,'103',1,4200,4200,0),(180,1,1,'129',1,75630,75630,0),(184,1,1,'255',1,54622,54622,0),(185,1,1,'129',1,75630,75630,0),(190,1,1,'99',1,14286,14286,0),(193,1,1,'17',1,71428,71428,0),(197,1,1,'227',1,15042,15042,0),(199,1,1,'216',1,2689,2689,0),(201,1,1,'31',1,192437,192437,0),(202,1,1,'200',1,11344,11344,0),(204,1,1,'233',1,15546,15546,0),(205,1,1,'55',1,60000,60000,0),(206,1,1,'49',1,30000,30000,0),(207,1,1,'61',1,100000,100000,0),(209,1,1,'38',1,117647,117647,0),(210,1,1,'39',1,110000,110000,0),(211,1,1,'17',1,71428,71428,0),(212,1,1,'104',1,2941,2941,0),(213,1,1,'2',1,51547,51547,0),(214,1,1,'330',1,35294,35294,0),(215,1,1,'257',1,79832,79832,0),(219,1,1,'93',1,37815,37815,0),(221,1,1,'49',1,30000,30000,0),(222,1,1,'104',1,2941,2941,0),(223,1,1,'232',1,29411,29411,0),(224,1,1,'328',1,82353,82353,0),(226,1,1,'300',1,29327,29327,0),(231,1,1,'141',1,8319,8319,0),(236,1,1,'266',1,29412,29412,0),(238,1,1,'45',1,11764,11764,0),(242,1,1,'53',1,71000,71000,0),(244,1,1,'252',1,110924,110924,0),(244,2,1,'53',3,71000,213000,0),(250,1,1,'287',1,22605,22605,0),(254,1,1,'311',1,9160,9160,0),(258,1,1,'224',1,22689,22689,0),(260,1,1,'138',1,12185,12185,0),(269,1,1,'141',1,8319,8319,0),(263,2,1,'200',1,11344,11344,0),(270,1,1,'141',1,8319,8319,0),(270,2,1,'201',1,18000,18000,0),(270,3,1,'141',1,8319,8319,0),(270,4,1,'141',1,8319,8319,0),(270,5,1,'141',1,8319,8319,0),(270,6,1,'141',1,8319,8319,0),(273,1,1,'65',1,14200,12780,10),(280,1,1,'140',1,5462,5462,0),(281,1,1,'42',1,98000,98000,0),(282,1,1,'338',1,8319,8319,0),(283,1,1,'333',1,14958,14958,0),(284,1,1,'30',1,9244,9244,0),(285,1,1,'130',1,116806,116806,0),(287,1,1,'130',1,116806,116806,0),(289,1,1,'219',1,8319,8319,0),(291,1,1,'7',1,16807,16807,0),(293,1,1,'269',1,120168,120168,0),(294,1,1,'344',1,14201,14201,0),(295,1,1,'341',1,36891,36891,0),(297,1,1,'287',1,22605,22605,0),(298,1,1,'204',1,29412,29412,0),(301,1,1,'347',1,74790,74790,0),(304,1,1,'338',1,8319,8319,0),(305,1,1,'254',1,7983,7983,0),(307,1,1,'345',1,21008,21008,0),(309,1,1,'198',1,95000,95000,0),(310,1,1,'129',1,75630,75630,0),(313,1,1,'54',1,10000,10000,0),(312,2,1,'54',1,10000,10000,0),(314,1,1,'62',1,115000,115000,0),(316,1,1,'36',1,22078,22078,0),(317,1,1,'346',1,48735,48735,0),(318,1,1,'28',1,14000,14000,0),(319,1,1,'98',1,37956,37956,0),(320,1,1,'47',1,37815,37815,0),(322,1,1,'129',1,75630,75630,0),(323,1,1,'291',1,34454,34454,0),(324,1,1,'17',1,71428,71428,0),(326,1,1,'109',1,8319,8319,0),(327,1,1,'20',1,84034,84034,0),(330,1,1,'53',1,71000,71000,0),(330,2,1,'275',1,22689,22689,0),(330,3,1,'275',1,22689,22689,0),(331,1,1,'275',1,22689,22689,0),(331,2,1,'256',1,36975,36975,0),(331,3,1,'275',1,22689,22689,0),(331,4,1,'275',1,22689,22689,0),(332,1,1,'53',1,71000,71000,0),(332,2,1,'256',1,36975,36975,0),(332,3,1,'275',1,22689,22689,0),(332,4,1,'287',1,22605,22605,0),(332,5,1,'288',1,15882,15882,0),(332,6,1,'287',1,22605,22605,0),(332,7,1,'288',1,15882,15882,0),(332,8,1,'287',1,22605,22605,0),(332,9,1,'287',1,22605,22605,0),(332,10,1,'287',1,22605,22605,0),(332,11,1,'256',1,36975,36975,0),(334,1,1,'298',1,239496,239496,0),(335,1,1,'209',1,22689,22689,0),(339,1,1,'337',1,31933,31933,0),(341,1,1,'165',1,29411,29411,0),(343,1,1,'142',1,41933,41933,0),(344,1,1,'48',1,35000,35000,0),(345,1,1,'276',1,26891,26891,0),(345,2,1,'14',1,109243,109243,0),(347,1,1,'194',1,6302,6302,0),(348,1,1,'7',1,16807,16807,0),(350,1,1,'336',1,31933,31933,0),(351,1,1,'93',1,37815,37815,0),(353,1,1,'20',1,84034,84034,0),(354,1,1,'285',1,24286,24286,0),(356,1,1,'133',1,52100,52100,0),(357,1,1,'55',1,60000,60000,0),(358,1,1,'133',1,52100,52100,0),(359,1,1,'50',1,54621,54621,0),(362,1,1,'58',1,29000,29000,0),(363,1,2,'209',1,22689,22689,0),(368,1,1,'170',1,29411,29411,0),(369,1,1,'213',1,148735,148735,0),(370,1,1,'24',1,5500,5500,0),(371,1,2,'439',1,3782,3782,0),(373,1,1,'57',1,82000,82000,0),(374,1,2,'443',1,63025,63025,0),(375,1,1,'304',1,37815,37815,0),(377,1,1,'48',1,35000,35000,0),(378,1,2,'370',1,11765,11765,0),(379,1,2,'439',1,3782,3782,0),(381,1,1,'212',1,37815,37815,0),(382,1,1,'214',1,16722,16722,0),(383,1,2,'448',1,19831,19831,0),(384,1,1,'338',1,8319,8319,0),(386,1,2,'14',1,109243,109243,0),(388,1,1,'296',1,49560,49560,0),(389,1,1,'129',1,75630,75630,0),(395,1,1,'279',1,32773,32773,0),(395,2,1,'341',1,36891,36891,0),(396,1,1,'341',1,36891,36891,0),(396,2,1,'279',1,32773,32773,0);
/*!40000 ALTER TABLE `factulineatmp` ENABLE KEYS */;
UNLOCK TABLES;

--
-- Table structure for table `facturas`
--

DROP TABLE IF EXISTS `facturas`;
SET @saved_cs_client     = @@character_set_client;
SET character_set_client = utf8;
CREATE TABLE `facturas` (
  `codfactura` int(11) NOT NULL auto_increment,
  `fecha` date NOT NULL,
  `iva` int(8) NOT NULL default '0',
  `codcliente` int(5) NOT NULL,
  `estado` varchar(1) NOT NULL default '0',
  `totalfactura` int(11) default NULL,
  `fechavencimiento` date NOT NULL default '0000-00-00',
  `borrado` varchar(1) NOT NULL default '0',
  PRIMARY KEY  (`codfactura`)
) ENGINE=MyISAM AUTO_INCREMENT=10 DEFAULT CHARSET=utf8 COMMENT='facturas de ventas a clientes';
SET character_set_client = @saved_cs_client;

--
-- Dumping data for table `facturas`
--

LOCK TABLES `facturas` WRITE;
/*!40000 ALTER TABLE `facturas` DISABLE KEYS */;
INSERT INTO `facturas` VALUES (1,'2012-01-18',19,2,'1',13999,'0000-00-00','1'),(2,'2012-01-18',19,2,'1',84490,'0000-00-00','0'),(3,'2012-01-18',19,2,'1',385470,'0000-00-00','0'),(4,'2012-01-21',19,2,'1',70918,'0000-00-00','0'),(5,'2012-01-21',19,0,'1',0,'0000-00-00','0'),(6,'2012-01-21',19,0,'1',0,'0000-00-00','0'),(7,'2012-02-11',19,15,'1',138490,'0000-00-00','0'),(8,'2012-02-11',19,15,'1',125000,'0000-00-00','0'),(9,'2012-02-11',19,15,'1',371789,'0000-00-00','0');
/*!40000 ALTER TABLE `facturas` ENABLE KEYS */;
UNLOCK TABLES;

--
-- Table structure for table `facturasp`
--

DROP TABLE IF EXISTS `facturasp`;
SET @saved_cs_client     = @@character_set_client;
SET character_set_client = utf8;
CREATE TABLE `facturasp` (
  `codfactura` varchar(20) NOT NULL default '',
  `codproveedor` int(5) NOT NULL,
  `fecha` date NOT NULL,
  `iva` tinyint(4) NOT NULL,
  `estado` varchar(1) NOT NULL default '0',
  `totalfactura` int(11) default NULL,
  `fechapago` date NOT NULL default '0000-00-00',
  `borrado` varchar(1) NOT NULL default '0',
  PRIMARY KEY  (`codfactura`,`codproveedor`)
) ENGINE=MyISAM DEFAULT CHARSET=utf8 COMMENT='facturas de compras a proveedores';
SET character_set_client = @saved_cs_client;

--
-- Dumping data for table `facturasp`
--

LOCK TABLES `facturasp` WRITE;
/*!40000 ALTER TABLE `facturasp` DISABLE KEYS */;
/*!40000 ALTER TABLE `facturasp` ENABLE KEYS */;
UNLOCK TABLES;

--
-- Table structure for table `facturasptmp`
--

DROP TABLE IF EXISTS `facturasptmp`;
SET @saved_cs_client     = @@character_set_client;
SET character_set_client = utf8;
CREATE TABLE `facturasptmp` (
  `codfactura` int(11) NOT NULL auto_increment,
  `fecha` date NOT NULL,
  PRIMARY KEY  (`codfactura`)
) ENGINE=MyISAM DEFAULT CHARSET=utf8 COMMENT='temporal de facturas de proveedores';
SET character_set_client = @saved_cs_client;

--
-- Dumping data for table `facturasptmp`
--

LOCK TABLES `facturasptmp` WRITE;
/*!40000 ALTER TABLE `facturasptmp` DISABLE KEYS */;
/*!40000 ALTER TABLE `facturasptmp` ENABLE KEYS */;
UNLOCK TABLES;

--
-- Table structure for table `facturastmp`
--

DROP TABLE IF EXISTS `facturastmp`;
SET @saved_cs_client     = @@character_set_client;
SET character_set_client = utf8;
CREATE TABLE `facturastmp` (
  `codfactura` int(11) NOT NULL auto_increment,
  `fecha` date NOT NULL,
  PRIMARY KEY  (`codfactura`)
) ENGINE=MyISAM AUTO_INCREMENT=398 DEFAULT CHARSET=utf8 COMMENT='temporal de facturas a clientes';
SET character_set_client = @saved_cs_client;

--
-- Dumping data for table `facturastmp`
--

LOCK TABLES `facturastmp` WRITE;
/*!40000 ALTER TABLE `facturastmp` DISABLE KEYS */;
INSERT INTO `facturastmp` VALUES (1,'0000-00-00'),(2,'0000-00-00'),(3,'0000-00-00'),(4,'0000-00-00'),(5,'0000-00-00'),(6,'0000-00-00'),(7,'0000-00-00'),(8,'0000-00-00'),(9,'0000-00-00'),(10,'0000-00-00'),(11,'0000-00-00'),(12,'0000-00-00'),(13,'0000-00-00'),(14,'0000-00-00'),(15,'0000-00-00'),(16,'0000-00-00'),(17,'0000-00-00'),(18,'0000-00-00'),(19,'0000-00-00'),(20,'0000-00-00'),(21,'0000-00-00'),(22,'0000-00-00'),(23,'0000-00-00'),(24,'0000-00-00'),(25,'0000-00-00'),(26,'0000-00-00'),(27,'0000-00-00'),(28,'0000-00-00'),(29,'0000-00-00'),(30,'0000-00-00'),(31,'0000-00-00'),(32,'0000-00-00'),(33,'0000-00-00'),(34,'0000-00-00'),(35,'0000-00-00'),(36,'0000-00-00'),(37,'0000-00-00'),(38,'0000-00-00'),(39,'0000-00-00'),(40,'0000-00-00'),(41,'0000-00-00'),(42,'0000-00-00'),(43,'0000-00-00'),(44,'0000-00-00'),(45,'0000-00-00'),(46,'0000-00-00'),(47,'2011-11-24'),(48,'0000-00-00'),(49,'0000-00-00'),(50,'0000-00-00'),(51,'0000-00-00'),(52,'0000-00-00'),(53,'0000-00-00'),(54,'0000-00-00'),(55,'0000-00-00'),(56,'0000-00-00'),(57,'0000-00-00'),(58,'0000-00-00'),(59,'0000-00-00'),(60,'0000-00-00'),(61,'0000-00-00'),(62,'0000-00-00'),(63,'0000-00-00'),(64,'0000-00-00'),(65,'0000-00-00'),(66,'0000-00-00'),(67,'0000-00-00'),(68,'0000-00-00'),(69,'0000-00-00'),(70,'0000-00-00'),(71,'0000-00-00'),(72,'0000-00-00'),(73,'0000-00-00'),(74,'0000-00-00'),(75,'0000-00-00'),(76,'0000-00-00'),(77,'0000-00-00'),(78,'0000-00-00'),(79,'0000-00-00'),(80,'0000-00-00'),(81,'0000-00-00'),(82,'0000-00-00'),(83,'0000-00-00'),(84,'0000-00-00'),(85,'0000-00-00'),(86,'0000-00-00'),(87,'0000-00-00'),(88,'0000-00-00'),(89,'0000-00-00'),(90,'0000-00-00'),(91,'0000-00-00'),(92,'0000-00-00'),(93,'0000-00-00'),(94,'0000-00-00'),(95,'0000-00-00'),(96,'0000-00-00'),(97,'0000-00-00'),(98,'0000-00-00'),(99,'0000-00-00'),(100,'0000-00-00'),(101,'0000-00-00'),(102,'0000-00-00'),(103,'0000-00-00'),(104,'0000-00-00'),(105,'0000-00-00'),(106,'0000-00-00'),(107,'0000-00-00'),(108,'0000-00-00'),(109,'0000-00-00'),(110,'0000-00-00'),(111,'0000-00-00'),(112,'0000-00-00'),(113,'0000-00-00'),(114,'0000-00-00'),(115,'0000-00-00'),(116,'0000-00-00'),(117,'0000-00-00'),(118,'0000-00-00'),(119,'0000-00-00'),(120,'0000-00-00'),(121,'0000-00-00'),(122,'0000-00-00'),(123,'0000-00-00'),(124,'0000-00-00'),(125,'0000-00-00'),(126,'0000-00-00'),(127,'0000-00-00'),(128,'0000-00-00'),(129,'0000-00-00'),(130,'0000-00-00'),(131,'0000-00-00'),(132,'0000-00-00'),(133,'0000-00-00'),(134,'0000-00-00'),(135,'0000-00-00'),(136,'0000-00-00'),(137,'0000-00-00'),(138,'0000-00-00'),(139,'0000-00-00'),(140,'0000-00-00'),(141,'0000-00-00'),(142,'0000-00-00'),(143,'0000-00-00'),(144,'0000-00-00'),(145,'0000-00-00'),(146,'0000-00-00'),(147,'0000-00-00'),(148,'0000-00-00'),(149,'0000-00-00'),(150,'0000-00-00'),(151,'0000-00-00'),(152,'0000-00-00'),(153,'0000-00-00'),(154,'0000-00-00'),(155,'0000-00-00'),(156,'0000-00-00'),(157,'0000-00-00'),(158,'0000-00-00'),(159,'0000-00-00'),(160,'0000-00-00'),(161,'0000-00-00'),(162,'0000-00-00'),(163,'0000-00-00'),(164,'0000-00-00'),(165,'0000-00-00'),(166,'0000-00-00'),(167,'0000-00-00'),(168,'0000-00-00'),(169,'0000-00-00'),(170,'0000-00-00'),(171,'0000-00-00'),(172,'0000-00-00'),(173,'0000-00-00'),(174,'0000-00-00'),(175,'0000-00-00'),(176,'0000-00-00'),(177,'0000-00-00'),(178,'0000-00-00'),(179,'0000-00-00'),(180,'0000-00-00'),(181,'0000-00-00'),(182,'0000-00-00'),(183,'0000-00-00'),(184,'0000-00-00'),(185,'0000-00-00'),(186,'0000-00-00'),(187,'0000-00-00'),(188,'0000-00-00'),(189,'0000-00-00'),(190,'0000-00-00'),(191,'0000-00-00'),(192,'0000-00-00'),(193,'0000-00-00'),(194,'0000-00-00'),(195,'0000-00-00'),(196,'0000-00-00'),(197,'0000-00-00'),(198,'0000-00-00'),(199,'0000-00-00'),(200,'0000-00-00'),(201,'0000-00-00'),(202,'0000-00-00'),(203,'0000-00-00'),(204,'0000-00-00'),(205,'0000-00-00'),(206,'0000-00-00'),(207,'0000-00-00'),(208,'0000-00-00'),(209,'0000-00-00'),(210,'0000-00-00'),(211,'0000-00-00'),(212,'0000-00-00'),(213,'0000-00-00'),(214,'0000-00-00'),(215,'0000-00-00'),(216,'0000-00-00'),(217,'0000-00-00'),(218,'0000-00-00'),(219,'0000-00-00'),(220,'0000-00-00'),(221,'0000-00-00'),(222,'0000-00-00'),(223,'0000-00-00'),(224,'0000-00-00'),(225,'0000-00-00'),(226,'0000-00-00'),(227,'0000-00-00'),(228,'0000-00-00'),(229,'0000-00-00'),(230,'0000-00-00'),(231,'0000-00-00'),(232,'0000-00-00'),(233,'0000-00-00'),(234,'0000-00-00'),(235,'0000-00-00'),(236,'0000-00-00'),(237,'0000-00-00'),(238,'0000-00-00'),(239,'0000-00-00'),(240,'0000-00-00'),(241,'0000-00-00'),(242,'0000-00-00'),(243,'0000-00-00'),(244,'0000-00-00'),(245,'0000-00-00'),(246,'0000-00-00'),(247,'0000-00-00'),(248,'0000-00-00'),(249,'0000-00-00'),(250,'0000-00-00'),(251,'0000-00-00'),(252,'0000-00-00'),(253,'0000-00-00'),(254,'0000-00-00'),(255,'0000-00-00'),(256,'0000-00-00'),(257,'0000-00-00'),(258,'0000-00-00'),(259,'0000-00-00'),(260,'0000-00-00'),(261,'0000-00-00'),(262,'0000-00-00'),(263,'0000-00-00'),(264,'0000-00-00'),(265,'0000-00-00'),(266,'0000-00-00'),(267,'0000-00-00'),(268,'0000-00-00'),(269,'0000-00-00'),(270,'0000-00-00'),(271,'0000-00-00'),(272,'0000-00-00'),(273,'2012-01-21'),(274,'0000-00-00'),(275,'0000-00-00'),(276,'0000-00-00'),(277,'0000-00-00'),(278,'2012-01-21'),(279,'0000-00-00'),(280,'0000-00-00'),(281,'0000-00-00'),(282,'0000-00-00'),(283,'0000-00-00'),(284,'0000-00-00'),(285,'0000-00-00'),(286,'0000-00-00'),(287,'0000-00-00'),(288,'0000-00-00'),(289,'0000-00-00'),(290,'0000-00-00'),(291,'0000-00-00'),(292,'0000-00-00'),(293,'0000-00-00'),(294,'0000-00-00'),(295,'0000-00-00'),(296,'0000-00-00'),(297,'0000-00-00'),(298,'0000-00-00'),(299,'0000-00-00'),(300,'0000-00-00'),(301,'0000-00-00'),(302,'0000-00-00'),(303,'0000-00-00'),(304,'0000-00-00'),(305,'0000-00-00'),(306,'0000-00-00'),(307,'0000-00-00'),(308,'0000-00-00'),(309,'0000-00-00'),(310,'0000-00-00'),(311,'0000-00-00'),(312,'0000-00-00'),(313,'0000-00-00'),(314,'0000-00-00'),(315,'0000-00-00'),(316,'0000-00-00'),(317,'0000-00-00'),(318,'0000-00-00'),(319,'0000-00-00'),(320,'0000-00-00'),(321,'0000-00-00'),(322,'0000-00-00'),(323,'0000-00-00'),(324,'0000-00-00'),(325,'0000-00-00'),(326,'0000-00-00'),(327,'0000-00-00'),(328,'0000-00-00'),(329,'0000-00-00'),(330,'0000-00-00'),(331,'0000-00-00'),(332,'0000-00-00'),(333,'0000-00-00'),(334,'0000-00-00'),(335,'0000-00-00'),(336,'0000-00-00'),(337,'0000-00-00'),(338,'0000-00-00'),(339,'0000-00-00'),(340,'0000-00-00'),(341,'0000-00-00'),(342,'0000-00-00'),(343,'0000-00-00'),(344,'0000-00-00'),(345,'0000-00-00'),(346,'0000-00-00'),(347,'0000-00-00'),(348,'0000-00-00'),(349,'0000-00-00'),(350,'0000-00-00'),(351,'0000-00-00'),(352,'0000-00-00'),(353,'0000-00-00'),(354,'0000-00-00'),(355,'0000-00-00'),(356,'0000-00-00'),(357,'0000-00-00'),(358,'0000-00-00'),(359,'0000-00-00'),(360,'0000-00-00'),(361,'0000-00-00'),(362,'0000-00-00'),(363,'0000-00-00'),(364,'0000-00-00'),(365,'0000-00-00'),(366,'0000-00-00'),(367,'0000-00-00'),(368,'0000-00-00'),(369,'0000-00-00'),(370,'0000-00-00'),(371,'0000-00-00'),(372,'0000-00-00'),(373,'0000-00-00'),(374,'0000-00-00'),(375,'0000-00-00'),(376,'0000-00-00'),(377,'0000-00-00'),(378,'0000-00-00'),(379,'0000-00-00'),(380,'0000-00-00'),(381,'0000-00-00'),(382,'0000-00-00'),(383,'0000-00-00'),(384,'0000-00-00'),(385,'0000-00-00'),(386,'0000-00-00'),(387,'0000-00-00'),(388,'0000-00-00'),(389,'0000-00-00'),(390,'0000-00-00'),(391,'0000-00-00'),(392,'0000-00-00'),(393,'0000-00-00'),(394,'0000-00-00'),(395,'0000-00-00'),(396,'0000-00-00'),(397,'0000-00-00');
/*!40000 ALTER TABLE `facturastmp` ENABLE KEYS */;
UNLOCK TABLES;

--
-- Table structure for table `familias`
--

DROP TABLE IF EXISTS `familias`;
SET @saved_cs_client     = @@character_set_client;
SET character_set_client = utf8;
CREATE TABLE `familias` (
  `codfamilia` int(5) NOT NULL auto_increment,
  `nombre` varchar(20) default NULL,
  `borrado` varchar(1) NOT NULL default '0',
  PRIMARY KEY  (`codfamilia`)
) ENGINE=MyISAM AUTO_INCREMENT=3 DEFAULT CHARSET=utf8 COMMENT='familia de articulos';
SET character_set_client = @saved_cs_client;

--
-- Dumping data for table `familias`
--

LOCK TABLES `familias` WRITE;
/*!40000 ALTER TABLE `familias` DISABLE KEYS */;
INSERT INTO `familias` VALUES (1,'02','0'),(2,'01','0');
/*!40000 ALTER TABLE `familias` ENABLE KEYS */;
UNLOCK TABLES;

--
-- Table structure for table `formapago`
--

DROP TABLE IF EXISTS `formapago`;
SET @saved_cs_client     = @@character_set_client;
SET character_set_client = utf8;
CREATE TABLE `formapago` (
  `codformapago` int(2) NOT NULL auto_increment,
  `nombrefp` varchar(40) NOT NULL,
  `borrado` varchar(1) NOT NULL default '0',
  PRIMARY KEY  (`codformapago`)
) ENGINE=MyISAM AUTO_INCREMENT=4 DEFAULT CHARSET=utf8 COMMENT='Forma de pago';
SET character_set_client = @saved_cs_client;

--
-- Dumping data for table `formapago`
--

LOCK TABLES `formapago` WRITE;
/*!40000 ALTER TABLE `formapago` DISABLE KEYS */;
INSERT INTO `formapago` VALUES (1,'contado','0'),(2,'cheque','0'),(3,'cuenta corriente','0');
/*!40000 ALTER TABLE `formapago` ENABLE KEYS */;
UNLOCK TABLES;

--
-- Table structure for table `gasto`
--

DROP TABLE IF EXISTS `gasto`;
SET @saved_cs_client     = @@character_set_client;
SET character_set_client = utf8;
CREATE TABLE `gasto` (
  `id` int(11) NOT NULL auto_increment,
  `descripcion` varchar(60) NOT NULL,
  `fecha` date NOT NULL,
  `valor` int(11) NOT NULL,
  PRIMARY KEY  (`id`)
) ENGINE=MyISAM AUTO_INCREMENT=25 DEFAULT CHARSET=utf8;
SET character_set_client = @saved_cs_client;

--
-- Dumping data for table `gasto`
--

LOCK TABLES `gasto` WRITE;
/*!40000 ALTER TABLE `gasto` DISABLE KEYS */;
/*!40000 ALTER TABLE `gasto` ENABLE KEYS */;
UNLOCK TABLES;

--
-- Table structure for table `impuestos`
--

DROP TABLE IF EXISTS `impuestos`;
SET @saved_cs_client     = @@character_set_client;
SET character_set_client = utf8;
CREATE TABLE `impuestos` (
  `codimpuesto` int(3) NOT NULL auto_increment,
  `nombre` varchar(20) default NULL,
  `valor` float NOT NULL,
  `borrado` varchar(1) NOT NULL default '0',
  PRIMARY KEY  (`codimpuesto`)
) ENGINE=MyISAM DEFAULT CHARSET=utf8 COMMENT='tipos de impuestos';
SET character_set_client = @saved_cs_client;

--
-- Dumping data for table `impuestos`
--

LOCK TABLES `impuestos` WRITE;
/*!40000 ALTER TABLE `impuestos` DISABLE KEYS */;
/*!40000 ALTER TABLE `impuestos` ENABLE KEYS */;
UNLOCK TABLES;

--
-- Table structure for table `librodiario`
--

DROP TABLE IF EXISTS `librodiario`;
SET @saved_cs_client     = @@character_set_client;
SET character_set_client = utf8;
CREATE TABLE `librodiario` (
  `id` int(8) NOT NULL auto_increment,
  `fecha` date NOT NULL default '0000-00-00',
  `tipodocumento` varchar(1) NOT NULL,
  `coddocumento` varchar(20) NOT NULL,
  `codcomercial` int(5) NOT NULL,
  `codformapago` int(2) NOT NULL,
  `numpago` varchar(30) NOT NULL,
  `total` int(11) default NULL,
  PRIMARY KEY  (`id`)
) ENGINE=MyISAM DEFAULT CHARSET=utf8 COMMENT='Movimientos diarios';
SET character_set_client = @saved_cs_client;

--
-- Dumping data for table `librodiario`
--

LOCK TABLES `librodiario` WRITE;
/*!40000 ALTER TABLE `librodiario` DISABLE KEYS */;
/*!40000 ALTER TABLE `librodiario` ENABLE KEYS */;
UNLOCK TABLES;

--
-- Table structure for table `pagos`
--

DROP TABLE IF EXISTS `pagos`;
SET @saved_cs_client     = @@character_set_client;
SET character_set_client = utf8;
CREATE TABLE `pagos` (
  `id` int(11) NOT NULL auto_increment,
  `codfactura` varchar(20) NOT NULL,
  `codproveedor` int(5) NOT NULL,
  `importe` int(11) default NULL,
  `codformapago` int(2) NOT NULL,
  `numdocumento` varchar(30) NOT NULL,
  `fechapago` date default '0000-00-00',
  `observaciones` text NOT NULL,
  PRIMARY KEY  (`id`)
) ENGINE=MyISAM DEFAULT CHARSET=utf8 COMMENT='Pagos de facturas a proveedores';
SET character_set_client = @saved_cs_client;

--
-- Dumping data for table `pagos`
--

LOCK TABLES `pagos` WRITE;
/*!40000 ALTER TABLE `pagos` DISABLE KEYS */;
/*!40000 ALTER TABLE `pagos` ENABLE KEYS */;
UNLOCK TABLES;

--
-- Table structure for table `proveedores`
--

DROP TABLE IF EXISTS `proveedores`;
SET @saved_cs_client     = @@character_set_client;
SET character_set_client = utf8;
CREATE TABLE `proveedores` (
  `codproveedor` int(5) NOT NULL auto_increment,
  `nombre` varchar(45) NOT NULL,
  `nif` varchar(12) NOT NULL,
  `direccion` varchar(50) NOT NULL,
  `codprovincia` int(2) NOT NULL,
  `localidad` varchar(35) NOT NULL,
  `codentidad` int(2) NOT NULL,
  `cuentabancaria` varchar(20) NOT NULL,
  `telefono` varchar(14) NOT NULL,
  `movil` varchar(14) NOT NULL,
  `email` varchar(35) NOT NULL,
  `web` varchar(45) NOT NULL,
  `borrado` varchar(1) NOT NULL default '0',
  `codpostal` varchar(255) default NULL,
  PRIMARY KEY  (`codproveedor`)
) ENGINE=MyISAM AUTO_INCREMENT=23 DEFAULT CHARSET=utf8 COMMENT='Proveedores';
SET character_set_client = @saved_cs_client;

--
-- Dumping data for table `proveedores`
--

LOCK TABLES `proveedores` WRITE;
/*!40000 ALTER TABLE `proveedores` DISABLE KEYS */;
INSERT INTO `proveedores` VALUES (1,'Trucktec','1111111111','alemania',0,'hamburgo',0,'123365478','124565','124565','','','0','exportadores'),(2,'MGS REPUESTOS','76200860-2','SAN PABLO 2203',0,'SANTIAGO',0,'0020036110','2499033','6965923','VENTAS@MGSREPUESTOS.CL','100212000','0','COMERCIALIZACION'),(3,'comercial ecuador','7253395-k','ave, ecuador 4287',0,'SANTIAGO',0,'03229741','02-6771820','02-6771800','cecuador@comercialecuador.cl','www.comercialecuador.cl','0','importadora de repuestos'),(4,'rene smok landeros','5202390-4','padre alberto hurtado 366',0,'SANTIAGO',0,'5202390-4','027788912','027788912','ventas@renesmok.cl','www.renesmok.cl','0','importadoda de repuestos'),(5,'dimbel ltda','76367550-5','mapocho 3901',0,'SANTIAGO',0,'76367550-5','02-7927700','02-7248211','repuestos3901@vtr.net','','0','importadora de repuestos'),(6,'importadora y comercial frent part ltda','77507050-1','av.lib.bdo.o\'higgins 4110',0,'SANTIAGO',0,'77507050-1','779267','779267','','','0','importadora'),(7,'union tecnica automotriz s. a .','92379000-4','calle caletera 3420',0,'concepcion',0,'9237900-4','41-2279186','41-2399226','','','0','importadora de repuestos'),(8,'importadora mer-ben','86025900-1','tucapel 1465',0,'concepcion',0,'86025900-1','41-2212303','41-2224779','','','0','importadora'),(9,'landero e hijo limitada','85799700-k','av. padre alberto hurtado 351',0,'SANTIAGO',0,'85799700-k','7764120','7764224','ventas@landero.cl','','0','importadora'),(10,'comercial rihe limitada','79703410-k','av. libertador bernardo o´higins 4196',0,'SANTIAGO',0,'79703410-k','7797014','7797014','','','0','importadora'),(11,'macho diesel limitada','78620710-6','av. 5 de abril 3731',0,'SANTIAGO',0,'78620810-6','7793227','7793227','','','0','importadora'),(12,'repuestos automotrices valpar ltda','77460910-5','avd ecuador 4350',0,'SANTIAGO',0,'77460510-5','3179336','3167010','','','0','compra y venta de repuestos'),(13,'luxor s a ','96786230-4','av.brasil 3',0,'santiago',0,'96786230-4','6958477','6953386','','','0','importadora'),(14,'comercial jose poblete herrera eirl','76116524-0','ev ecuador 4379',0,'SANTIAGO',0,'76116524-0','7797830','7641142','','','0','compra y venta de repuestos'),(15,'importadora de repuestos raco sa','86617300-1','abdon cifuentes 70',0,'SANTIAGO',0,'86617300-1','6722284','','','','0','importadora'),(16,'comr.de repuestos ernesto glatz eirl','76058381-2','juan makena 714',0,'osorno',0,'76058381-2','064-217620','064','','','0','compra y venta de repuestos'),(17,'diesel market ltda','76072913-2','latinoamericana 6301',0,'SANTIAGO',0,'76072913-2','5111037','','','','0','importadora'),(18,'domingo maturana astudillo ','4222988-1','ave. ecuador ',0,'SANTIAGO',0,'4222988-1','7648265','','','','0','importadora'),(19,'starclutch','78561670-7','camini san pedro 9580',0,'SANTIAGO',0,'785616707','2400200','','','','0','importadora de repuestos'),(20,'gabtec sa','96678120-3','las esteras 2750',0,'SANTIAGO',0,'1870206603','8734100','','','','0','importadora'),(21,'IMPORTADORA REVEC LIMITADA','77486340-0','AVDA. LIBERTADO BRDO. O\'HIGGINS 4145',0,'SANTIAGO',0,'77486340-0','7793776','','','','0','importadora'),(22,'importadora vanzulli limitada','85060800-6','moneda 1984',0,'SANTIAGO',0,'85060800-8','6740100','','','','0','importadora');
/*!40000 ALTER TABLE `proveedores` ENABLE KEYS */;
UNLOCK TABLES;

--
-- Table structure for table `provincias`
--

DROP TABLE IF EXISTS `provincias`;
SET @saved_cs_client     = @@character_set_client;
SET character_set_client = utf8;
CREATE TABLE `provincias` (
  `codprovincia` int(2) NOT NULL auto_increment,
  `nombreprovincia` varchar(47) NOT NULL default '',
  PRIMARY KEY  (`codprovincia`)
) ENGINE=MyISAM AUTO_INCREMENT=16 DEFAULT CHARSET=utf8 COMMENT='Provincias';
SET character_set_client = @saved_cs_client;

--
-- Dumping data for table `provincias`
--

LOCK TABLES `provincias` WRITE;
/*!40000 ALTER TABLE `provincias` DISABLE KEYS */;
INSERT INTO `provincias` VALUES (1,'Arica y Parinacota'),(2,'Tarapacá'),(3,'Antofagasta'),(4,'Atacama'),(5,'Coquimbo'),(6,'Valparaíso'),(7,'Libertador General Bernardo O\'Higgins'),(8,'Maule'),(9,'Bío Bío'),(10,'Araucanía'),(11,'Los Ríos'),(12,'Los Lagos'),(13,'Aysén del General Carlos Ibáñez del Campo'),(14,'Magallanes y Antártica Chilena'),(15,'Metropolitana de Santiago');
/*!40000 ALTER TABLE `provincias` ENABLE KEYS */;
UNLOCK TABLES;

--
-- Table structure for table `ubicaciones`
--

DROP TABLE IF EXISTS `ubicaciones`;
SET @saved_cs_client     = @@character_set_client;
SET character_set_client = utf8;
CREATE TABLE `ubicaciones` (
  `codubicacion` int(3) NOT NULL auto_increment,
  `nombre` varchar(50) NOT NULL,
  `borrado` varchar(1) NOT NULL default '0',
  PRIMARY KEY  (`codubicacion`)
) ENGINE=MyISAM AUTO_INCREMENT=142 DEFAULT CHARSET=utf8 COMMENT='Ubicaciones';
SET character_set_client = @saved_cs_client;

--
-- Dumping data for table `ubicaciones`
--

LOCK TABLES `ubicaciones` WRITE;
/*!40000 ALTER TABLE `ubicaciones` DISABLE KEYS */;
INSERT INTO `ubicaciones` VALUES (1,'001','0'),(2,'002','0'),(3,'003','0'),(4,'004','0'),(5,'005','0'),(6,'006','1'),(7,'005','1'),(8,'006','0'),(9,'005','1'),(10,'006','1'),(11,'008','0'),(12,'009','0'),(13,'008','1'),(14,'010','0'),(15,'007','0'),(16,'11','0'),(17,'12','0'),(18,'13','0'),(19,'14','0'),(20,'15','0'),(21,'16','0'),(22,'17','0'),(23,'18','0'),(24,'19','0'),(25,'20','0'),(26,'21','0'),(27,'22','0'),(28,'23','0'),(29,'24','0'),(30,'25','0'),(31,'26','0'),(32,'27','0'),(33,'28','0'),(34,'29','0'),(35,'30','0'),(36,'31','0'),(37,'32','0'),(38,'33','0'),(39,'34','0'),(40,'35','0'),(41,'36','0'),(42,'37','0'),(43,'38','0'),(44,'39','0'),(45,'40','0'),(46,'41','0'),(47,'42','0'),(48,'43','0'),(49,'44','0'),(50,'45','0'),(51,'46','0'),(52,'47','0'),(53,'48','0'),(54,'49','0'),(55,'50','0'),(56,'51','0'),(57,'52','0'),(58,'53','0'),(59,'54','0'),(60,'55','0'),(61,'56','0'),(62,'57','0'),(63,'58','0'),(64,'59','0'),(65,'60','0'),(66,'61','0'),(67,'62','0'),(68,'63','0'),(69,'64','0'),(70,'65','0'),(71,'66','0'),(72,'67','0'),(73,'68','0'),(74,'69','0'),(75,'70','0'),(76,'71','0'),(77,'72','0'),(78,'73','0'),(79,'74','0'),(80,'75','0'),(81,'76','0'),(82,'77','0'),(83,'78','0'),(84,'79','0'),(85,'80','0'),(86,'81','0'),(87,'82','0'),(88,'83','0'),(89,'84','0'),(90,'85','0'),(91,'86','0'),(92,'87','0'),(93,'88','0'),(94,'89','0'),(95,'90','0'),(96,'91','0'),(97,'92','0'),(98,'93','0'),(99,'94','0'),(100,'95','0'),(101,'96','0'),(102,'97','0'),(103,'98','0'),(104,'99','0'),(105,'100','0'),(106,'101','0'),(107,'102','0'),(108,'103','0'),(109,'104','0'),(110,'105','0'),(111,'106','0'),(112,'107','0'),(113,'108','0'),(114,'109','0'),(115,'110','0'),(116,'111','0'),(117,'112','0'),(118,'113','0'),(119,'114','0'),(120,'115','0'),(121,'116','0'),(122,'117','0'),(123,'118','0'),(124,'119','0'),(125,'120','0'),(126,'165','0'),(127,'153','0'),(128,'153','0'),(129,'152','0'),(130,'151','0'),(131,'152','0'),(132,'153','0'),(133,'154','0'),(134,'155','0'),(135,'156','0'),(136,'157','0'),(137,'158','0'),(138,'159','0'),(139,'160','0'),(140,'164','0'),(141,'124','0');
/*!40000 ALTER TABLE `ubicaciones` ENABLE KEYS */;
UNLOCK TABLES;
/*!40103 SET TIME_ZONE=@OLD_TIME_ZONE */;

/*!40101 SET SQL_MODE=@OLD_SQL_MODE */;
/*!40014 SET FOREIGN_KEY_CHECKS=@OLD_FOREIGN_KEY_CHECKS */;
/*!40014 SET UNIQUE_CHECKS=@OLD_UNIQUE_CHECKS */;
/*!40101 SET CHARACTER_SET_CLIENT=@OLD_CHARACTER_SET_CLIENT */;
/*!40101 SET CHARACTER_SET_RESULTS=@OLD_CHARACTER_SET_RESULTS */;
/*!40101 SET COLLATION_CONNECTION=@OLD_COLLATION_CONNECTION */;
/*!40111 SET SQL_NOTES=@OLD_SQL_NOTES */;

-- Dump completed on 2012-03-03 16:44:24
